payload,payload_note,round,execution_order,method,input_bytes,encoded_stream_payload_bytes,reconstructed_bytes,client_completion_ms,client_ttfb_ms,server_completion_ms,combined_endpoint_process_cpu_ms,reconstructed_goodput_mbps,encoded_goodput_mbps,qdisc_bytes,qdisc_packets,qdisc_drops,qdisc_overlimits,qdisc_requeues,reconstruction_ok,semantic_misses,repair_full_frames,measurement_control_stream_bytes_excluded,congestion_control_algorithm,emulation,rate_mbps,rtt_ms,loss_percent
demo,constructed deterministic warm-update control,1,1,raw-quic-stream,98304,98304,98304,245.963,68.349,184.859,44.015,3.197359,3.197359,117138,185,0,0,0,True,0,0,13,reno,Linux tc/netem qdisc on loopback in an isolated network namespace,5.0,20.0,0.0
demo,constructed deterministic warm-update control,1,2,redulink-binary-quic-stream,98304,30851,98304,140.167,64.08,81.908,26.31,5.610679,1.760814,41574,70,0,0,0,True,13,13,13,reno,Linux tc/netem qdisc on loopback in an isolated network namespace,5.0,20.0,0.0
demo,constructed deterministic warm-update control,2,1,redulink-binary-quic-stream,98304,30851,98304,139.84,63.643,82.141,28.382,5.623799,1.764931,41572,70,0,0,0,True,13,13,13,reno,Linux tc/netem qdisc on loopback in an isolated network namespace,5.0,20.0,0.0
demo,constructed deterministic warm-update control,2,2,raw-quic-stream,98304,98304,98304,238.413,62.06,183.816,40.792,3.298612,3.298612,117290,187,0,0,0,True,0,0,13,reno,Linux tc/netem qdisc on loopback in an isolated network namespace,5.0,20.0,0.0
demo,constructed deterministic warm-update control,3,1,raw-quic-stream,98304,98304,98304,239.154,62.106,184.404,43.42,3.288392,3.288392,117212,186,0,0,0,True,0,0,13,reno,Linux tc/netem qdisc on loopback in an isolated network namespace,5.0,20.0,0.0
demo,constructed deterministic warm-update control,3,2,redulink-binary-quic-stream,98304,30851,98304,140.17,64.0,82.167,27.517,5.610559,1.760776,41572,70,0,0,0,True,13,13,13,reno,Linux tc/netem qdisc on loopback in an isolated network namespace,5.0,20.0,0.0
demo,constructed deterministic warm-update control,4,1,redulink-binary-quic-stream,98304,30851,98304,140.242,63.955,82.316,27.658,5.607678,1.759872,41572,70,0,0,0,True,13,13,13,reno,Linux tc/netem qdisc on loopback in an isolated network namespace,5.0,20.0,0.0
demo,constructed deterministic warm-update control,4,2,raw-quic-stream,98304,98304,98304,238.811,62.132,183.995,44.952,3.293115,3.293115,117213,186,0,0,0,True,0,0,13,reno,Linux tc/netem qdisc on loopback in an isolated network namespace,5.0,20.0,0.0
demo,constructed deterministic warm-update control,5,1,raw-quic-stream,98304,98304,98304,239.059,62.077,184.216,43.46,3.289698,3.289698,117290,187,0,0,0,True,0,0,13,reno,Linux tc/netem qdisc on loopback in an isolated network namespace,5.0,20.0,0.0
demo,constructed deterministic warm-update control,5,2,redulink-binary-quic-stream,98304,30851,98304,140.194,64.044,82.055,27.985,5.609598,1.760475,41573,70,0,0,0,True,13,13,13,reno,Linux tc/netem qdisc on loopback in an isolated network namespace,5.0,20.0,0.0
demo,constructed deterministic warm-update control,6,1,redulink-binary-quic-stream,98304,30851,98304,140.397,64.101,82.238,27.626,5.601487,1.757929,41573,70,0,0,0,True,13,13,13,reno,Linux tc/netem qdisc on loopback in an isolated network namespace,5.0,20.0,0.0
demo,constructed deterministic warm-update control,6,2,raw-quic-stream,98304,98304,98304,238.913,61.944,184.241,43.186,3.291709,3.291709,117289,187,0,0,0,True,0,0,13,reno,Linux tc/netem qdisc on loopback in an isolated network namespace,5.0,20.0,0.0
demo,constructed deterministic warm-update control,7,1,raw-quic-stream,98304,98304,98304,238.935,61.907,184.233,43.015,3.291406,3.291406,117289,187,0,0,0,True,0,0,13,reno,Linux tc/netem qdisc on loopback in an isolated network namespace,5.0,20.0,0.0
demo,constructed deterministic warm-update control,7,2,redulink-binary-quic-stream,98304,30851,98304,139.403,64.502,80.356,31.045,5.641428,1.770464,41642,71,0,0,0,True,13,13,13,reno,Linux tc/netem qdisc on loopback in an isolated network namespace,5.0,20.0,0.0
demo,constructed deterministic warm-update control,8,1,redulink-binary-quic-stream,98304,30851,98304,140.139,63.955,82.087,29.119,5.6118,1.761166,41572,70,0,0,0,True,13,13,13,reno,Linux tc/netem qdisc on loopback in an isolated network namespace,5.0,20.0,0.0
demo,constructed deterministic warm-update control,8,2,raw-quic-stream,98304,98304,98304,240.482,61.837,185.919,36.786,3.270232,3.270232,117441,189,0,0,0,True,0,0,13,reno,Linux tc/netem qdisc on loopback in an isolated network namespace,5.0,20.0,0.0
demo,constructed deterministic warm-update control,9,1,raw-quic-stream,98304,98304,98304,238.619,61.778,184.066,36.649,3.295764,3.295764,117442,189,0,0,0,True,0,0,13,reno,Linux tc/netem qdisc on loopback in an isolated network namespace,5.0,20.0,0.0
demo,constructed deterministic warm-update control,9,2,redulink-binary-quic-stream,98304,30851,98304,139.572,63.694,81.556,25.634,5.634597,1.76832,41574,70,0,0,0,True,13,13,13,reno,Linux tc/netem qdisc on loopback in an isolated network namespace,5.0,20.0,0.0
demo,constructed deterministic warm-update control,10,1,redulink-binary-quic-stream,98304,30851,98304,138.49,63.75,80.258,25.894,5.678619,1.782136,41642,71,0,0,0,True,13,13,13,reno,Linux tc/netem qdisc on loopback in an isolated network namespace,5.0,20.0,0.0
demo,constructed deterministic warm-update control,10,2,raw-quic-stream,98304,98304,98304,240.406,61.781,185.862,37.793,3.271266,3.271266,117440,189,0,0,0,True,0,0,13,reno,Linux tc/netem qdisc on loopback in an isolated network namespace,5.0,20.0,0.0
demo,constructed deterministic warm-update control,11,1,raw-quic-stream,98304,98304,98304,240.172,61.749,185.759,36.612,3.274453,3.274453,117366,188,0,0,0,True,0,0,13,reno,Linux tc/netem qdisc on loopback in an isolated network namespace,5.0,20.0,0.0
demo,constructed deterministic warm-update control,11,2,redulink-binary-quic-stream,98304,30851,98304,139.961,63.862,81.742,26.592,5.618937,1.763406,41574,70,0,0,0,True,13,13,13,reno,Linux tc/netem qdisc on loopback in an isolated network namespace,5.0,20.0,0.0
demo,constructed deterministic warm-update control,12,1,redulink-binary-quic-stream,98304,30851,98304,138.347,63.841,80.077,25.815,5.684489,1.783978,41643,71,0,0,0,True,13,13,13,reno,Linux tc/netem qdisc on loopback in an isolated network namespace,5.0,20.0,0.0
demo,constructed deterministic warm-update control,12,2,raw-quic-stream,98304,98304,98304,240.532,61.859,185.93,37.127,3.269552,3.269552,117439,189,0,0,0,True,0,0,13,reno,Linux tc/netem qdisc on loopback in an isolated network namespace,5.0,20.0,0.0
demo,constructed deterministic warm-update control,13,1,raw-quic-stream,98304,98304,98304,238.66,61.818,184.219,41.705,3.295198,3.295198,117289,187,0,0,0,True,0,0,13,reno,Linux tc/netem qdisc on loopback in an isolated network namespace,5.0,20.0,0.0
demo,constructed deterministic warm-update control,13,2,redulink-binary-quic-stream,98304,30851,98304,140.044,63.765,82.255,27.65,5.615607,1.76236,41573,70,0,0,0,True,13,13,13,reno,Linux tc/netem qdisc on loopback in an isolated network namespace,5.0,20.0,0.0
demo,constructed deterministic warm-update control,14,1,redulink-binary-quic-stream,98304,30851,98304,139.518,63.715,81.709,26.933,5.636778,1.769005,41574,70,0,0,0,True,13,13,13,reno,Linux tc/netem qdisc on loopback in an isolated network namespace,5.0,20.0,0.0
demo,constructed deterministic warm-update control,14,2,raw-quic-stream,98304,98304,98304,240.504,61.793,185.876,36.898,3.269933,3.269933,117441,189,0,0,0,True,0,0,13,reno,Linux tc/netem qdisc on loopback in an isolated network namespace,5.0,20.0,0.0
demo,constructed deterministic warm-update control,15,1,raw-quic-stream,98304,98304,98304,238.552,61.842,183.964,37.948,3.29669,3.29669,117442,189,0,0,0,True,0,0,13,reno,Linux tc/netem qdisc on loopback in an isolated network namespace,5.0,20.0,0.0
demo,constructed deterministic warm-update control,15,2,redulink-binary-quic-stream,98304,30851,98304,139.794,63.815,81.909,25.704,5.625649,1.765512,41573,70,0,0,0,True,13,13,13,reno,Linux tc/netem qdisc on loopback in an isolated network namespace,5.0,20.0,0.0
demo,constructed deterministic warm-update control,16,1,redulink-binary-quic-stream,98304,30851,98304,139.809,63.856,81.765,25.792,5.625046,1.765323,41574,70,0,0,0,True,13,13,13,reno,Linux tc/netem qdisc on loopback in an isolated network namespace,5.0,20.0,0.0
demo,constructed deterministic warm-update control,16,2,raw-quic-stream,98304,98304,98304,240.502,61.792,185.939,37.192,3.26996,3.26996,117441,189,0,0,0,True,0,0,13,reno,Linux tc/netem qdisc on loopback in an isolated network namespace,5.0,20.0,0.0
demo,constructed deterministic warm-update control,17,1,raw-quic-stream,98304,98304,98304,240.583,61.918,186.027,36.95,3.268859,3.268859,117442,189,0,0,0,True,0,0,13,reno,Linux tc/netem qdisc on loopback in an isolated network namespace,5.0,20.0,0.0
demo,constructed deterministic warm-update control,17,2,redulink-binary-quic-stream,98304,30851,98304,139.795,63.658,81.904,26.132,5.625609,1.765499,41649,71,0,0,0,True,13,13,13,reno,Linux tc/netem qdisc on loopback in an isolated network namespace,5.0,20.0,0.0
demo,constructed deterministic warm-update control,18,1,redulink-binary-quic-stream,98304,30851,98304,138.28,63.863,79.891,25.849,5.687243,1.784842,41642,71,0,0,0,True,13,13,13,reno,Linux tc/netem qdisc on loopback in an isolated network namespace,5.0,20.0,0.0
demo,constructed deterministic warm-update control,18,2,raw-quic-stream,98304,98304,98304,238.507,61.785,184.185,40.203,3.297312,3.297312,117289,187,0,0,0,True,0,0,13,reno,Linux tc/netem qdisc on loopback in an isolated network namespace,5.0,20.0,0.0
demo,constructed deterministic warm-update control,19,1,raw-quic-stream,98304,98304,98304,238.893,61.912,184.139,43.289,3.291984,3.291984,117291,187,0,0,0,True,0,0,13,reno,Linux tc/netem qdisc on loopback in an isolated network namespace,5.0,20.0,0.0
demo,constructed deterministic warm-update control,19,2,redulink-binary-quic-stream,98304,30851,98304,140.098,63.786,82.181,27.546,5.613442,1.761681,41573,70,0,0,0,True,13,13,13,reno,Linux tc/netem qdisc on loopback in an isolated network namespace,5.0,20.0,0.0
demo,constructed deterministic warm-update control,20,1,redulink-binary-quic-stream,98304,30851,98304,139.697,63.791,81.773,27.691,5.629555,1.766738,41574,70,0,0,0,True,13,13,13,reno,Linux tc/netem qdisc on loopback in an isolated network namespace,5.0,20.0,0.0
demo,constructed deterministic warm-update control,20,2,raw-quic-stream,98304,98304,98304,240.236,61.566,185.902,36.932,3.273581,3.273581,117441,189,0,0,0,True,0,0,13,reno,Linux tc/netem qdisc on loopback in an isolated network namespace,5.0,20.0,0.0
demo,constructed deterministic warm-update control,1,1,raw-quic-stream,98304,98304,98304,240.192,61.855,185.655,37.139,3.274181,3.274181,117368,188,1,0,0,True,0,0,13,reno,Linux tc/netem qdisc on loopback in an isolated network namespace,5.0,20.0,0.5
demo,constructed deterministic warm-update control,1,2,redulink-binary-quic-stream,98304,30851,98304,139.897,63.918,81.601,26.381,5.621507,1.764212,41574,70,0,0,0,True,13,13,13,reno,Linux tc/netem qdisc on loopback in an isolated network namespace,5.0,20.0,0.5
demo,constructed deterministic warm-update control,2,1,redulink-binary-quic-stream,98304,30851,98304,151.053,63.745,92.906,26.097,5.206332,1.633917,41594,70,2,0,0,True,13,13,13,reno,Linux tc/netem qdisc on loopback in an isolated network namespace,5.0,20.0,0.5
demo,constructed deterministic warm-update control,2,2,raw-quic-stream,98304,98304,98304,240.568,61.895,185.935,37.135,3.269063,3.269063,117442,189,0,0,0,True,0,0,13,reno,Linux tc/netem qdisc on loopback in an isolated network namespace,5.0,20.0,0.5
demo,constructed deterministic warm-update control,3,1,raw-quic-stream,98304,98304,98304,240.222,61.767,185.712,36.825,3.273772,3.273772,117291,187,2,0,0,True,0,0,13,reno,Linux tc/netem qdisc on loopback in an isolated network namespace,5.0,20.0,0.5
demo,constructed deterministic warm-update control,3,2,redulink-binary-quic-stream,98304,30851,98304,140.047,64.04,81.717,26.586,5.615486,1.762323,41574,70,0,0,0,True,13,13,13,reno,Linux tc/netem qdisc on loopback in an isolated network namespace,5.0,20.0,0.5
demo,constructed deterministic warm-update control,4,1,redulink-binary-quic-stream,98304,30851,98304,305.01,197.332,106.032,28.857,2.578381,0.80918,54473,80,1,0,0,True,13,13,13,reno,Linux tc/netem qdisc on loopback in an isolated network namespace,5.0,20.0,0.5
demo,constructed deterministic warm-update control,4,2,raw-quic-stream,98304,98304,98304,240.455,61.896,185.804,37.702,3.270599,3.270599,117367,188,1,0,0,True,0,0,13,reno,Linux tc/netem qdisc on loopback in an isolated network namespace,5.0,20.0,0.5
demo,constructed deterministic warm-update control,5,1,raw-quic-stream,98304,98304,98304,238.313,61.908,183.804,41.127,3.299996,3.299996,117291,187,0,0,0,True,0,0,13,reno,Linux tc/netem qdisc on loopback in an isolated network namespace,5.0,20.0,0.5
demo,constructed deterministic warm-update control,5,2,redulink-binary-quic-stream,98304,30851,98304,140.18,63.878,82.167,28.025,5.610158,1.760651,41572,70,0,0,0,True,13,13,13,reno,Linux tc/netem qdisc on loopback in an isolated network namespace,5.0,20.0,0.5
demo,constructed deterministic warm-update control,6,1,redulink-binary-quic-stream,98304,30851,98304,165.423,63.806,107.389,27.838,4.754067,1.491981,41578,70,1,0,0,True,13,13,13,reno,Linux tc/netem qdisc on loopback in an isolated network namespace,5.0,20.0,0.5
demo,constructed deterministic warm-update control,6,2,raw-quic-stream,98304,98304,98304,240.715,61.932,186.054,38.013,3.267067,3.267067,117441,189,0,0,0,True,0,0,13,reno,Linux tc/netem qdisc on loopback in an isolated network namespace,5.0,20.0,0.5
demo,constructed deterministic warm-update control,7,1,raw-quic-stream,98304,98304,98304,240.452,61.496,185.894,37.382,3.27064,3.27064,117127,185,1,0,0,True,0,0,13,reno,Linux tc/netem qdisc on loopback in an isolated network namespace,5.0,20.0,0.5
demo,constructed deterministic warm-update control,7,2,redulink-binary-quic-stream,98304,30851,98304,139.65,63.754,81.614,26.002,5.63145,1.767333,41573,70,0,0,0,True,13,13,13,reno,Linux tc/netem qdisc on loopback in an isolated network namespace,5.0,20.0,0.5
demo,constructed deterministic warm-update control,8,1,redulink-binary-quic-stream,98304,30851,98304,138.341,63.694,80.175,26.252,5.684736,1.784055,41642,71,0,0,0,True,13,13,13,reno,Linux tc/netem qdisc on loopback in an isolated network namespace,5.0,20.0,0.5
demo,constructed deterministic warm-update control,8,2,raw-quic-stream,98304,98304,98304,241.6,61.793,187.141,37.341,3.255099,3.255099,117968,195,2,0,0,True,0,0,13,reno,Linux tc/netem qdisc on loopback in an isolated network namespace,5.0,20.0,0.5
demo,constructed deterministic warm-update control,9,1,raw-quic-stream,98304,98304,98304,241.841,61.874,187.121,38.413,3.251856,3.251856,117694,192,1,0,0,True,0,0,13,reno,Linux tc/netem qdisc on loopback in an isolated network namespace,5.0,20.0,0.5
demo,constructed deterministic warm-update control,9,2,redulink-binary-quic-stream,98304,30851,98304,139.985,63.756,82.201,27.647,5.617973,1.763103,41573,70,0,0,0,True,13,13,13,reno,Linux tc/netem qdisc on loopback in an isolated network namespace,5.0,20.0,0.5
demo,constructed deterministic warm-update control,10,1,redulink-binary-quic-stream,98304,30851,98304,164.522,63.523,106.576,27.609,4.780102,1.500152,41502,69,2,0,0,True,13,13,13,reno,Linux tc/netem qdisc on loopback in an isolated network namespace,5.0,20.0,0.5
demo,constructed deterministic warm-update control,10,2,raw-quic-stream,98304,98304,98304,238.455,61.853,183.892,43.736,3.298031,3.298031,117136,185,1,0,0,True,0,0,13,reno,Linux tc/netem qdisc on loopback in an isolated network namespace,5.0,20.0,0.5
demo,constructed deterministic warm-update control,11,1,raw-quic-stream,98304,98304,98304,238.768,61.772,184.228,43.099,3.293708,3.293708,117290,187,0,0,0,True,0,0,13,reno,Linux tc/netem qdisc on loopback in an isolated network namespace,5.0,20.0,0.5
demo,constructed deterministic warm-update control,11,2,redulink-binary-quic-stream,98304,30851,98304,140.065,63.864,82.169,27.413,5.614765,1.762096,41573,70,0,0,0,True,13,13,13,reno,Linux tc/netem qdisc on loopback in an isolated network namespace,5.0,20.0,0.5
demo,constructed deterministic warm-update control,12,1,redulink-binary-quic-stream,98304,30851,98304,140.238,63.954,82.229,29.689,5.607838,1.759922,41573,70,0,0,0,True,13,13,13,reno,Linux tc/netem qdisc on loopback in an isolated network namespace,5.0,20.0,0.5
demo,constructed deterministic warm-update control,12,2,raw-quic-stream,98304,98304,98304,238.435,61.649,184.039,49.8,3.298308,3.298308,117141,185,0,0,0,True,0,0,13,reno,Linux tc/netem qdisc on loopback in an isolated network namespace,5.0,20.0,0.5
demo,constructed deterministic warm-update control,13,1,raw-quic-stream,98304,98304,98304,240.367,61.929,185.584,37.371,3.271797,3.271797,117289,187,2,0,0,True,0,0,13,reno,Linux tc/netem qdisc on loopback in an isolated network namespace,5.0,20.0,0.5
demo,constructed deterministic warm-update control,13,2,redulink-binary-quic-stream,98304,30851,98304,140.03,63.935,82.131,25.969,5.616168,1.762537,41574,70,0,0,0,True,13,13,13,reno,Linux tc/netem qdisc on loopback in an isolated network namespace,5.0,20.0,0.5
demo,constructed deterministic warm-update control,14,1,redulink-binary-quic-stream,98304,30851,98304,139.748,63.774,81.637,26.039,5.627501,1.766093,41574,70,0,0,0,True,13,13,13,reno,Linux tc/netem qdisc on loopback in an isolated network namespace,5.0,20.0,0.5
demo,constructed deterministic warm-update control,14,2,raw-quic-stream,98304,98304,98304,261.266,62.065,206.423,37.662,3.010082,3.010082,117450,189,1,0,0,True,0,0,13,reno,Linux tc/netem qdisc on loopback in an isolated network namespace,5.0,20.0,0.5
demo,constructed deterministic warm-update control,15,1,raw-quic-stream,98304,98304,98304,263.365,62.126,208.687,37.776,2.986092,2.986092,117641,191,2,0,0,True,0,0,13,reno,Linux tc/netem qdisc on loopback in an isolated network namespace,5.0,20.0,0.5
demo,constructed deterministic warm-update control,15,2,redulink-binary-quic-stream,98304,30851,98304,139.493,63.568,81.665,25.577,5.637788,1.769322,41574,70,0,0,0,True,13,13,13,reno,Linux tc/netem qdisc on loopback in an isolated network namespace,5.0,20.0,0.5
demo,constructed deterministic warm-update control,16,1,redulink-binary-quic-stream,98304,30851,98304,229.111,63.53,171.231,26.792,3.432537,1.077242,41724,72,2,0,0,True,13,13,13,reno,Linux tc/netem qdisc on loopback in an isolated network namespace,5.0,20.0,0.5
demo,constructed deterministic warm-update control,16,2,raw-quic-stream,98304,98304,98304,240.649,61.973,185.942,37.42,3.267963,3.267963,117441,189,0,0,0,True,0,0,13,reno,Linux tc/netem qdisc on loopback in an isolated network namespace,5.0,20.0,0.5
demo,constructed deterministic warm-update control,17,1,raw-quic-stream,98304,98304,98304,324.296,146.966,184.841,37.046,2.425044,2.425044,117167,185,3,0,0,True,0,0,13,reno,Linux tc/netem qdisc on loopback in an isolated network namespace,5.0,20.0,0.5
demo,constructed deterministic warm-update control,17,2,redulink-binary-quic-stream,98304,30851,98304,139.563,63.771,81.434,25.903,5.634961,1.768434,41574,70,0,0,0,True,13,13,13,reno,Linux tc/netem qdisc on loopback in an isolated network namespace,5.0,20.0,0.5
demo,constructed deterministic warm-update control,18,1,redulink-binary-quic-stream,98304,30851,98304,139.694,63.813,81.451,26.14,5.629676,1.766776,41574,70,0,0,0,True,13,13,13,reno,Linux tc/netem qdisc on loopback in an isolated network namespace,5.0,20.0,0.5
demo,constructed deterministic warm-update control,18,2,raw-quic-stream,98304,98304,98304,240.577,61.681,186.182,39.096,3.268941,3.268941,117289,187,1,0,0,True,0,0,13,reno,Linux tc/netem qdisc on loopback in an isolated network namespace,5.0,20.0,0.5
demo,constructed deterministic warm-update control,19,1,raw-quic-stream,98304,98304,98304,240.343,61.671,185.955,37.237,3.272124,3.272124,117441,189,0,0,0,True,0,0,13,reno,Linux tc/netem qdisc on loopback in an isolated network namespace,5.0,20.0,0.5
demo,constructed deterministic warm-update control,19,2,redulink-binary-quic-stream,98304,30851,98304,139.979,63.91,81.746,26.217,5.618214,1.763179,41572,70,0,0,0,True,13,13,13,reno,Linux tc/netem qdisc on loopback in an isolated network namespace,5.0,20.0,0.5
demo,constructed deterministic warm-update control,20,1,redulink-binary-quic-stream,98304,30851,98304,139.607,63.513,81.849,25.578,5.633185,1.767877,41573,70,0,0,0,True,13,13,13,reno,Linux tc/netem qdisc on loopback in an isolated network namespace,5.0,20.0,0.5
demo,constructed deterministic warm-update control,20,2,raw-quic-stream,98304,98304,98304,251.729,61.767,197.16,37.708,3.124122,3.124122,117539,190,1,0,0,True,0,0,13,reno,Linux tc/netem qdisc on loopback in an isolated network namespace,5.0,20.0,0.5
demo,constructed deterministic warm-update control,1,1,raw-quic-stream,98304,98304,98304,466.778,175.344,292.394,38.484,1.684809,1.684809,117137,185,0,0,0,True,0,0,13,reno,Linux tc/netem qdisc on loopback in an isolated network namespace,5.0,80.0,0.0
demo,constructed deterministic warm-update control,1,2,redulink-binary-quic-stream,98304,30851,98304,372.223,176.493,194.128,27.486,2.112798,0.663065,41506,69,0,0,0,True,13,13,13,reno,Linux tc/netem qdisc on loopback in an isolated network namespace,5.0,80.0,0.0
demo,constructed deterministic warm-update control,2,1,redulink-binary-quic-stream,98304,30851,98304,374.848,176.599,196.95,27.6,2.098002,0.658422,41653,71,0,0,0,True,13,13,13,reno,Linux tc/netem qdisc on loopback in an isolated network namespace,5.0,80.0,0.0
demo,constructed deterministic warm-update control,2,2,raw-quic-stream,98304,98304,98304,469.238,175.83,294.605,38.989,1.675977,1.675977,117138,185,0,0,0,True,0,0,13,reno,Linux tc/netem qdisc on loopback in an isolated network namespace,5.0,80.0,0.0
demo,constructed deterministic warm-update control,3,1,raw-quic-stream,98304,98304,98304,469.154,175.626,294.454,40.74,1.676277,1.676277,117138,185,0,0,0,True,0,0,13,reno,Linux tc/netem qdisc on loopback in an isolated network namespace,5.0,80.0,0.0
demo,constructed deterministic warm-update control,3,2,redulink-binary-quic-stream,98304,30851,98304,375.973,176.336,198.358,28.432,2.091725,0.656451,41724,72,0,0,0,True,13,13,13,reno,Linux tc/netem qdisc on loopback in an isolated network namespace,5.0,80.0,0.0
demo,constructed deterministic warm-update control,4,1,redulink-binary-quic-stream,98304,30851,98304,376.024,176.733,198.005,27.618,2.091441,0.656362,41656,71,0,0,0,True,13,13,13,reno,Linux tc/netem qdisc on loopback in an isolated network namespace,5.0,80.0,0.0
demo,constructed deterministic warm-update control,4,2,raw-quic-stream,98304,98304,98304,469.069,175.68,294.282,39.033,1.676581,1.676581,117137,185,0,0,0,True,0,0,13,reno,Linux tc/netem qdisc on loopback in an isolated network namespace,5.0,80.0,0.0
demo,constructed deterministic warm-update control,5,1,raw-quic-stream,98304,98304,98304,471.206,177.016,294.219,40.464,1.668977,1.668977,117141,185,0,0,0,True,0,0,13,reno,Linux tc/netem qdisc on loopback in an isolated network namespace,5.0,80.0,0.0
demo,constructed deterministic warm-update control,5,2,redulink-binary-quic-stream,98304,30851,98304,375.987,176.758,197.829,28.166,2.091647,0.656427,41655,71,0,0,0,True,13,13,13,reno,Linux tc/netem qdisc on loopback in an isolated network namespace,5.0,80.0,0.0
demo,constructed deterministic warm-update control,6,1,redulink-binary-quic-stream,98304,30851,98304,374.723,176.365,197.023,27.433,2.098702,0.658641,41656,71,0,0,0,True,13,13,13,reno,Linux tc/netem qdisc on loopback in an isolated network namespace,5.0,80.0,0.0
demo,constructed deterministic warm-update control,6,2,raw-quic-stream,98304,98304,98304,469.166,175.766,294.374,39.217,1.676234,1.676234,117137,185,0,0,0,True,0,0,13,reno,Linux tc/netem qdisc on loopback in an isolated network namespace,5.0,80.0,0.0
demo,constructed deterministic warm-update control,7,1,raw-quic-stream,98304,98304,98304,463.995,173.841,289.303,38.658,1.694915,1.694915,117140,185,0,0,0,True,0,0,13,reno,Linux tc/netem qdisc on loopback in an isolated network namespace,5.0,80.0,0.0
demo,constructed deterministic warm-update control,7,2,redulink-binary-quic-stream,98304,30851,98304,376.315,176.479,198.128,27.778,2.089824,0.655855,41582,70,0,0,0,True,13,13,13,reno,Linux tc/netem qdisc on loopback in an isolated network namespace,5.0,80.0,0.0
demo,constructed deterministic warm-update control,8,1,redulink-binary-quic-stream,98304,30851,98304,372.153,176.367,194.127,27.497,2.113195,0.66319,41505,69,0,0,0,True,13,13,13,reno,Linux tc/netem qdisc on loopback in an isolated network namespace,5.0,80.0,0.0
demo,constructed deterministic warm-update control,8,2,raw-quic-stream,98304,98304,98304,468.925,175.579,294.315,38.74,1.677095,1.677095,117059,184,0,0,0,True,0,0,13,reno,Linux tc/netem qdisc on loopback in an isolated network namespace,5.0,80.0,0.0
demo,constructed deterministic warm-update control,9,1,raw-quic-stream,98304,98304,98304,468.762,175.351,294.243,38.697,1.677679,1.677679,117059,184,0,0,0,True,0,0,13,reno,Linux tc/netem qdisc on loopback in an isolated network namespace,5.0,80.0,0.0
demo,constructed deterministic warm-update control,9,2,redulink-binary-quic-stream,98304,30851,98304,375.894,175.867,198.258,27.7,2.092164,0.656589,41574,70,0,0,0,True,13,13,13,reno,Linux tc/netem qdisc on loopback in an isolated network namespace,5.0,80.0,0.0
demo,constructed deterministic warm-update control,10,1,redulink-binary-quic-stream,98304,30851,98304,372.277,176.6,194.098,27.262,2.112492,0.662969,41506,69,0,0,0,True,13,13,13,reno,Linux tc/netem qdisc on loopback in an isolated network namespace,5.0,80.0,0.0
demo,constructed deterministic warm-update control,10,2,raw-quic-stream,98304,98304,98304,469.163,175.855,294.54,39.307,1.676245,1.676245,117136,185,0,0,0,True,0,0,13,reno,Linux tc/netem qdisc on loopback in an isolated network namespace,5.0,80.0,0.0
demo,constructed deterministic warm-update control,11,1,raw-quic-stream,98304,98304,98304,469.044,175.721,294.591,38.776,1.67667,1.67667,117137,185,0,0,0,True,0,0,13,reno,Linux tc/netem qdisc on loopback in an isolated network namespace,5.0,80.0,0.0
demo,constructed deterministic warm-update control,11,2,redulink-binary-quic-stream,98304,30851,98304,375.819,176.493,197.957,28.762,2.092582,0.65672,41655,71,0,0,0,True,13,13,13,reno,Linux tc/netem qdisc on loopback in an isolated network namespace,5.0,80.0,0.0
demo,constructed deterministic warm-update control,12,1,redulink-binary-quic-stream,98304,30851,98304,376.054,176.898,197.835,27.888,2.091274,0.65631,41655,71,0,0,0,True,13,13,13,reno,Linux tc/netem qdisc on loopback in an isolated network namespace,5.0,80.0,0.0
demo,constructed deterministic warm-update control,12,2,raw-quic-stream,98304,98304,98304,467.922,175.613,293.164,40.893,1.68069,1.68069,117139,185,0,0,0,True,0,0,13,reno,Linux tc/netem qdisc on loopback in an isolated network namespace,5.0,80.0,0.0
demo,constructed deterministic warm-update control,13,1,raw-quic-stream,98304,98304,98304,466.149,173.593,291.647,39.554,1.687083,1.687083,117139,185,0,0,0,True,0,0,13,reno,Linux tc/netem qdisc on loopback in an isolated network namespace,5.0,80.0,0.0
demo,constructed deterministic warm-update control,13,2,redulink-binary-quic-stream,98304,30851,98304,376.301,176.461,198.413,29.675,2.089901,0.655879,41724,72,0,0,0,True,13,13,13,reno,Linux tc/netem qdisc on loopback in an isolated network namespace,5.0,80.0,0.0
demo,constructed deterministic warm-update control,14,1,redulink-binary-quic-stream,98304,30851,98304,372.203,176.381,194.184,26.969,2.112912,0.663101,41506,69,0,0,0,True,13,13,13,reno,Linux tc/netem qdisc on loopback in an isolated network namespace,5.0,80.0,0.0
demo,constructed deterministic warm-update control,14,2,raw-quic-stream,98304,98304,98304,467.318,175.929,292.661,38.343,1.682863,1.682863,117137,185,0,0,0,True,0,0,13,reno,Linux tc/netem qdisc on loopback in an isolated network namespace,5.0,80.0,0.0
demo,constructed deterministic warm-update control,15,1,raw-quic-stream,98304,98304,98304,468.99,175.724,294.527,38.473,1.676863,1.676863,117138,185,0,0,0,True,0,0,13,reno,Linux tc/netem qdisc on loopback in an isolated network namespace,5.0,80.0,0.0
demo,constructed deterministic warm-update control,15,2,redulink-binary-quic-stream,98304,30851,98304,375.788,176.677,197.715,28.647,2.092754,0.656775,41656,71,0,0,0,True,13,13,13,reno,Linux tc/netem qdisc on loopback in an isolated network namespace,5.0,80.0,0.0
demo,constructed deterministic warm-update control,16,1,redulink-binary-quic-stream,98304,30851,98304,372.498,176.718,194.155,27.624,2.111238,0.662575,41505,69,0,0,0,True,13,13,13,reno,Linux tc/netem qdisc on loopback in an isolated network namespace,5.0,80.0,0.0
demo,constructed deterministic warm-update control,16,2,raw-quic-stream,98304,98304,98304,468.841,175.493,294.363,38.511,1.677396,1.677396,117137,185,0,0,0,True,0,0,13,reno,Linux tc/netem qdisc on loopback in an isolated network namespace,5.0,80.0,0.0
demo,constructed deterministic warm-update control,17,1,raw-quic-stream,98304,98304,98304,468.423,173.911,293.598,39.522,1.678893,1.678893,117140,185,0,0,0,True,0,0,13,reno,Linux tc/netem qdisc on loopback in an isolated network namespace,5.0,80.0,0.0
demo,constructed deterministic warm-update control,17,2,redulink-binary-quic-stream,98304,30851,98304,375.518,176.417,197.87,27.072,2.094259,0.657247,41653,71,0,0,0,True,13,13,13,reno,Linux tc/netem qdisc on loopback in an isolated network namespace,5.0,80.0,0.0
demo,constructed deterministic warm-update control,18,1,redulink-binary-quic-stream,98304,30851,98304,374.687,176.393,197.017,27.466,2.098904,0.658704,41656,71,0,0,0,True,13,13,13,reno,Linux tc/netem qdisc on loopback in an isolated network namespace,5.0,80.0,0.0
demo,constructed deterministic warm-update control,18,2,raw-quic-stream,98304,98304,98304,469.093,175.668,294.432,39.088,1.676495,1.676495,117138,185,0,0,0,True,0,0,13,reno,Linux tc/netem qdisc on loopback in an isolated network namespace,5.0,80.0,0.0
demo,constructed deterministic warm-update control,19,1,raw-quic-stream,98304,98304,98304,469.466,176.01,294.587,39.561,1.675163,1.675163,117068,184,0,0,0,True,0,0,13,reno,Linux tc/netem qdisc on loopback in an isolated network namespace,5.0,80.0,0.0
demo,constructed deterministic warm-update control,19,2,redulink-binary-quic-stream,98304,30851,98304,378.207,178.646,197.961,29.606,2.079369,0.652574,41506,69,0,0,0,True,13,13,13,reno,Linux tc/netem qdisc on loopback in an isolated network namespace,5.0,80.0,0.0
demo,constructed deterministic warm-update control,20,1,redulink-binary-quic-stream,98304,30851,98304,375.862,177.23,197.763,29.171,2.092342,0.656645,41656,71,0,0,0,True,13,13,13,reno,Linux tc/netem qdisc on loopback in an isolated network namespace,5.0,80.0,0.0
demo,constructed deterministic warm-update control,20,2,raw-quic-stream,98304,98304,98304,467.22,175.802,292.68,38.534,1.683216,1.683216,117135,185,0,0,0,True,0,0,13,reno,Linux tc/netem qdisc on loopback in an isolated network namespace,5.0,80.0,0.0
demo,constructed deterministic warm-update control,1,1,raw-quic-stream,98304,98304,98304,463.921,173.777,289.266,39.07,1.695185,1.695185,117140,185,0,0,0,True,0,0,13,reno,Linux tc/netem qdisc on loopback in an isolated network namespace,5.0,80.0,0.5
demo,constructed deterministic warm-update control,1,2,redulink-binary-quic-stream,98304,30851,98304,492.896,176.593,314.835,29.709,1.595533,0.50073,41914,74,1,0,0,True,13,13,13,reno,Linux tc/netem qdisc on loopback in an isolated network namespace,5.0,80.0,0.5
demo,constructed deterministic warm-update control,2,1,redulink-binary-quic-stream,98304,30851,98304,375.979,176.74,198.158,27.606,2.091691,0.656441,41725,72,0,0,0,True,13,13,13,reno,Linux tc/netem qdisc on loopback in an isolated network namespace,5.0,80.0,0.5
demo,constructed deterministic warm-update control,2,2,raw-quic-stream,98304,98304,98304,468.909,175.552,294.256,39.072,1.677153,1.677153,117059,184,0,0,0,True,0,0,13,reno,Linux tc/netem qdisc on loopback in an isolated network namespace,5.0,80.0,0.5
demo,constructed deterministic warm-update control,3,1,raw-quic-stream,98304,98304,98304,469.005,175.586,294.34,39.466,1.676809,1.676809,117135,185,0,0,0,True,0,0,13,reno,Linux tc/netem qdisc on loopback in an isolated network namespace,5.0,80.0,0.5
demo,constructed deterministic warm-update control,3,2,redulink-binary-quic-stream,98304,30851,98304,625.819,177.264,447.767,29.599,1.256644,0.394376,41805,73,1,0,0,True,13,13,13,reno,Linux tc/netem qdisc on loopback in an isolated network namespace,5.0,80.0,0.5
demo,constructed deterministic warm-update control,4,1,redulink-binary-quic-stream,98304,30851,98304,372.111,176.347,194.157,27.174,2.113434,0.663264,41506,69,0,0,0,True,13,13,13,reno,Linux tc/netem qdisc on loopback in an isolated network namespace,5.0,80.0,0.5
demo,constructed deterministic warm-update control,4,2,raw-quic-stream,98304,98304,98304,469.014,175.726,294.235,38.865,1.676777,1.676777,116985,183,1,0,0,True,0,0,13,reno,Linux tc/netem qdisc on loopback in an isolated network namespace,5.0,80.0,0.5
demo,constructed deterministic warm-update control,5,1,raw-quic-stream,98304,98304,98304,460.611,173.976,285.836,39.281,1.707367,1.707367,117139,185,0,0,0,True,0,0,13,reno,Linux tc/netem qdisc on loopback in an isolated network namespace,5.0,80.0,0.5
demo,constructed deterministic warm-update control,5,2,redulink-binary-quic-stream,98304,30851,98304,452.772,176.409,274.744,27.905,1.736927,0.545104,41740,72,1,0,0,True,13,13,13,reno,Linux tc/netem qdisc on loopback in an isolated network namespace,5.0,80.0,0.5
demo,constructed deterministic warm-update control,6,1,redulink-binary-quic-stream,98304,30851,98304,372.161,176.232,194.205,27.116,2.11315,0.663175,41582,70,0,0,0,True,13,13,13,reno,Linux tc/netem qdisc on loopback in an isolated network namespace,5.0,80.0,0.5
demo,constructed deterministic warm-update control,6,2,raw-quic-stream,98304,98304,98304,487.745,176.35,312.638,39.829,1.612384,1.612384,117403,188,1,0,0,True,0,0,13,reno,Linux tc/netem qdisc on loopback in an isolated network namespace,5.0,80.0,0.5
demo,constructed deterministic warm-update control,7,1,raw-quic-stream,98304,98304,98304,537.952,176.348,362.821,46.153,1.4619,1.4619,117159,185,2,0,0,True,0,0,13,reno,Linux tc/netem qdisc on loopback in an isolated network namespace,5.0,80.0,0.5
demo,constructed deterministic warm-update control,7,2,redulink-binary-quic-stream,98304,30851,98304,469.885,177.94,290.904,29.251,1.673669,0.525252,41660,71,1,0,0,True,13,13,13,reno,Linux tc/netem qdisc on loopback in an isolated network namespace,5.0,80.0,0.5
demo,constructed deterministic warm-update control,8,1,redulink-binary-quic-stream,98304,30851,98304,374.947,176.828,196.82,27.795,2.097448,0.658248,41654,71,0,0,0,True,13,13,13,reno,Linux tc/netem qdisc on loopback in an isolated network namespace,5.0,80.0,0.5
demo,constructed deterministic warm-update control,8,2,raw-quic-stream,98304,98304,98304,1156.051,374.816,780.163,55.091,0.680274,0.680274,118290,200,1,0,0,True,0,0,13,reno,Linux tc/netem qdisc on loopback in an isolated network namespace,5.0,80.0,0.5
demo,constructed deterministic warm-update control,9,1,raw-quic-stream,98304,98304,98304,468.935,175.487,294.264,38.619,1.67706,1.67706,116917,182,2,0,0,True,0,0,13,reno,Linux tc/netem qdisc on loopback in an isolated network namespace,5.0,80.0,0.5
demo,constructed deterministic warm-update control,9,2,redulink-binary-quic-stream,98304,30851,98304,379.181,178.426,200.183,31.809,2.074028,0.650898,41649,71,0,0,0,True,13,13,13,reno,Linux tc/netem qdisc on loopback in an isolated network namespace,5.0,80.0,0.5
demo,constructed deterministic warm-update control,10,1,redulink-binary-quic-stream,98304,30851,98304,372.956,177.121,194.27,29.484,2.108646,0.661762,41504,69,0,0,0,True,13,13,13,reno,Linux tc/netem qdisc on loopback in an isolated network namespace,5.0,80.0,0.5
demo,constructed deterministic warm-update control,10,2,raw-quic-stream,98304,98304,98304,488.536,175.847,313.764,45.315,1.609773,1.609773,117814,192,2,0,0,True,0,0,13,reno,Linux tc/netem qdisc on loopback in an isolated network namespace,5.0,80.0,0.5
demo,constructed deterministic warm-update control,11,1,raw-quic-stream,98304,98304,98304,550.466,175.829,375.736,45.22,1.428666,1.428666,117518,189,2,0,0,True,0,0,13,reno,Linux tc/netem qdisc on loopback in an isolated network namespace,5.0,80.0,0.5
demo,constructed deterministic warm-update control,11,2,redulink-binary-quic-stream,98304,30851,98304,376.105,176.86,198.08,29.241,2.090991,0.656221,41722,72,0,0,0,True,13,13,13,reno,Linux tc/netem qdisc on loopback in an isolated network namespace,5.0,80.0,0.5
demo,constructed deterministic warm-update control,12,1,redulink-binary-quic-stream,98304,30851,98304,376.388,176.866,198.225,29.315,2.089418,0.655728,41725,72,0,0,0,True,13,13,13,reno,Linux tc/netem qdisc on loopback in an isolated network namespace,5.0,80.0,0.5
demo,constructed deterministic warm-update control,12,2,raw-quic-stream,98304,98304,98304,467.204,176.743,291.75,44.793,1.683273,1.683273,117059,184,0,0,0,True,0,0,13,reno,Linux tc/netem qdisc on loopback in an isolated network namespace,5.0,80.0,0.5
demo,constructed deterministic warm-update control,13,1,raw-quic-stream,98304,98304,98304,467.455,176.716,291.667,45.204,1.682369,1.682369,116986,183,1,0,0,True,0,0,13,reno,Linux tc/netem qdisc on loopback in an isolated network namespace,5.0,80.0,0.5
demo,constructed deterministic warm-update control,13,2,redulink-binary-quic-stream,98304,30851,98304,381.174,180.421,200.261,32.982,2.063184,0.647494,41579,70,0,0,0,True,13,13,13,reno,Linux tc/netem qdisc on loopback in an isolated network namespace,5.0,80.0,0.5
demo,constructed deterministic warm-update control,14,1,redulink-binary-quic-stream,98304,30851,98304,375.815,177.383,197.236,30.243,2.092604,0.656727,41656,71,0,0,0,True,13,13,13,reno,Linux tc/netem qdisc on loopback in an isolated network namespace,5.0,80.0,0.5
demo,constructed deterministic warm-update control,14,2,raw-quic-stream,98304,98304,98304,504.747,176.634,329.243,45.267,1.558072,1.558072,117321,187,2,0,0,True,0,0,13,reno,Linux tc/netem qdisc on loopback in an isolated network namespace,5.0,80.0,0.5
demo,constructed deterministic warm-update control,15,1,raw-quic-stream,98304,98304,98304,467.658,177.165,291.947,46.731,1.681639,1.681639,117061,184,0,0,0,True,0,0,13,reno,Linux tc/netem qdisc on loopback in an isolated network namespace,5.0,80.0,0.5
demo,constructed deterministic warm-update control,15,2,redulink-binary-quic-stream,98304,30851,98304,378.557,177.739,200.174,29.362,2.077447,0.651971,41649,71,0,0,0,True,13,13,13,reno,Linux tc/netem qdisc on loopback in an isolated network namespace,5.0,80.0,0.5
demo,constructed deterministic warm-update control,16,1,redulink-binary-quic-stream,98304,30851,98304,376.189,177.782,197.206,32.233,2.090524,0.656074,41656,71,0,0,0,True,13,13,13,reno,Linux tc/netem qdisc on loopback in an isolated network namespace,5.0,80.0,0.5
demo,constructed deterministic warm-update control,16,2,raw-quic-stream,98304,98304,98304,467.619,177.107,291.868,45.921,1.681779,1.681779,117061,184,0,0,0,True,0,0,13,reno,Linux tc/netem qdisc on loopback in an isolated network namespace,5.0,80.0,0.5
demo,constructed deterministic warm-update control,17,1,raw-quic-stream,98304,98304,98304,469.671,174.929,294.665,48.068,1.674432,1.674432,116917,182,1,0,0,True,0,0,13,reno,Linux tc/netem qdisc on loopback in an isolated network namespace,5.0,80.0,0.5
demo,constructed deterministic warm-update control,17,2,redulink-binary-quic-stream,98304,30851,98304,376.216,177.059,197.925,29.857,2.090374,0.656027,41656,71,0,0,0,True,13,13,13,reno,Linux tc/netem qdisc on loopback in an isolated network namespace,5.0,80.0,0.5
demo,constructed deterministic warm-update control,18,1,redulink-binary-quic-stream,98304,30851,98304,378.682,177.941,200.18,29.28,2.076761,0.651755,41572,70,1,0,0,True,13,13,13,reno,Linux tc/netem qdisc on loopback in an isolated network namespace,5.0,80.0,0.5
demo,constructed deterministic warm-update control,18,2,raw-quic-stream,98304,98304,98304,618.151,176.153,443.007,46.319,1.272233,1.272233,117451,188,3,0,0,True,0,0,13,reno,Linux tc/netem qdisc on loopback in an isolated network namespace,5.0,80.0,0.5
demo,constructed deterministic warm-update control,19,1,raw-quic-stream,98304,98304,98304,466.199,175.729,291.317,44.178,1.686902,1.686902,117061,184,0,0,0,True,0,0,13,reno,Linux tc/netem qdisc on loopback in an isolated network namespace,5.0,80.0,0.5
demo,constructed deterministic warm-update control,19,2,redulink-binary-quic-stream,98304,30851,98304,445.722,177.461,266.365,30.465,1.7644,0.553726,41754,72,1,0,0,True,13,13,13,reno,Linux tc/netem qdisc on loopback in an isolated network namespace,5.0,80.0,0.5
demo,constructed deterministic warm-update control,20,1,redulink-binary-quic-stream,98304,30851,98304,376.615,179.05,195.941,31.667,2.088159,0.655332,41794,73,0,0,0,True,13,13,13,reno,Linux tc/netem qdisc on loopback in an isolated network namespace,5.0,80.0,0.5
demo,constructed deterministic warm-update control,20,2,raw-quic-stream,98304,98304,98304,462.325,175.684,287.507,43.579,1.701037,1.701037,116916,182,1,0,0,True,0,0,13,reno,Linux tc/netem qdisc on loopback in an isolated network namespace,5.0,80.0,0.5
demo,constructed deterministic warm-update control,1,1,raw-quic-stream,98304,98304,98304,121.852,48.099,73.479,31.054,6.453993,6.453993,113117,132,0,0,0,True,0,0,13,reno,Linux tc/netem qdisc on loopback in an isolated network namespace,20.0,20.0,0.0
demo,constructed deterministic warm-update control,1,2,redulink-binary-quic-stream,98304,30851,98304,105.412,52.85,52.23,26.179,7.460555,2.341365,40657,58,0,0,0,True,13,13,13,reno,Linux tc/netem qdisc on loopback in an isolated network namespace,20.0,20.0,0.0
demo,constructed deterministic warm-update control,2,1,redulink-binary-quic-stream,98304,30851,98304,102.289,51.576,50.616,24.583,7.688334,2.41285,40522,56,0,0,0,True,13,13,13,reno,Linux tc/netem qdisc on loopback in an isolated network namespace,20.0,20.0,0.0
demo,constructed deterministic warm-update control,2,2,raw-quic-stream,98304,98304,98304,120.424,48.085,72.023,31.29,6.530525,6.530525,113261,134,0,0,0,True,0,0,13,reno,Linux tc/netem qdisc on loopback in an isolated network namespace,20.0,20.0,0.0
demo,constructed deterministic warm-update control,3,1,raw-quic-stream,98304,98304,98304,121.841,48.146,73.5,31.684,6.454576,6.454576,113259,134,0,0,0,True,0,0,13,reno,Linux tc/netem qdisc on loopback in an isolated network namespace,20.0,20.0,0.0
demo,constructed deterministic warm-update control,3,2,redulink-binary-quic-stream,98304,30851,98304,102.903,51.543,51.197,23.475,7.642459,2.398453,40521,56,0,0,0,True,13,13,13,reno,Linux tc/netem qdisc on loopback in an isolated network namespace,20.0,20.0,0.0
demo,constructed deterministic warm-update control,4,1,redulink-binary-quic-stream,98304,30851,98304,102.096,51.381,50.623,23.662,7.702868,2.417411,40522,56,0,0,0,True,13,13,13,reno,Linux tc/netem qdisc on loopback in an isolated network namespace,20.0,20.0,0.0
demo,constructed deterministic warm-update control,4,2,raw-quic-stream,98304,98304,98304,121.286,47.717,73.41,30.541,6.484112,6.484112,113261,134,0,0,0,True,0,0,13,reno,Linux tc/netem qdisc on loopback in an isolated network namespace,20.0,20.0,0.0
demo,constructed deterministic warm-update control,5,1,raw-quic-stream,98304,98304,98304,122.025,48.356,73.325,31.423,6.444843,6.444843,113267,134,0,0,0,True,0,0,13,reno,Linux tc/netem qdisc on loopback in an isolated network namespace,20.0,20.0,0.0
demo,constructed deterministic warm-update control,5,2,redulink-binary-quic-stream,98304,30851,98304,102.977,51.481,51.248,23.515,7.636967,2.396729,40521,56,0,0,0,True,13,13,13,reno,Linux tc/netem qdisc on loopback in an isolated network namespace,20.0,20.0,0.0
demo,constructed deterministic warm-update control,6,1,redulink-binary-quic-stream,98304,30851,98304,104.723,53.964,50.459,25.937,7.50964,2.35677,40516,56,0,0,0,True,13,13,13,reno,Linux tc/netem qdisc on loopback in an isolated network namespace,20.0,20.0,0.0
demo,constructed deterministic warm-update control,6,2,raw-quic-stream,98304,98304,98304,120.01,47.88,71.896,30.668,6.553054,6.553054,113260,134,0,0,0,True,0,0,13,reno,Linux tc/netem qdisc on loopback in an isolated network namespace,20.0,20.0,0.0
demo,constructed deterministic warm-update control,7,1,raw-quic-stream,98304,98304,98304,121.893,48.063,73.554,31.275,6.451823,6.451823,113263,134,0,0,0,True,0,0,13,reno,Linux tc/netem qdisc on loopback in an isolated network namespace,20.0,20.0,0.0
demo,constructed deterministic warm-update control,7,2,redulink-binary-quic-stream,98304,30851,98304,103.063,51.644,51.199,23.716,7.630595,2.394729,40521,56,0,0,0,True,13,13,13,reno,Linux tc/netem qdisc on loopback in an isolated network namespace,20.0,20.0,0.0
demo,constructed deterministic warm-update control,8,1,redulink-binary-quic-stream,98304,30851,98304,103.489,52.599,50.793,25.376,7.599184,2.384872,40523,56,0,0,0,True,13,13,13,reno,Linux tc/netem qdisc on loopback in an isolated network namespace,20.0,20.0,0.0
demo,constructed deterministic warm-update control,8,2,raw-quic-stream,98304,98304,98304,121.708,47.887,73.538,31.373,6.461629,6.461629,113263,134,0,0,0,True,0,0,13,reno,Linux tc/netem qdisc on loopback in an isolated network namespace,20.0,20.0,0.0
demo,constructed deterministic warm-update control,9,1,raw-quic-stream,98304,98304,98304,121.692,47.888,73.541,31.339,6.462479,6.462479,113263,134,0,0,0,True,0,0,13,reno,Linux tc/netem qdisc on loopback in an isolated network namespace,20.0,20.0,0.0
demo,constructed deterministic warm-update control,9,2,redulink-binary-quic-stream,98304,30851,98304,102.663,51.884,50.643,25.054,7.660326,2.40406,40522,56,0,0,0,True,13,13,13,reno,Linux tc/netem qdisc on loopback in an isolated network namespace,20.0,20.0,0.0
demo,constructed deterministic warm-update control,10,1,redulink-binary-quic-stream,98304,30851,98304,102.669,51.906,50.558,24.678,7.659878,2.403919,40522,56,0,0,0,True,13,13,13,reno,Linux tc/netem qdisc on loopback in an isolated network namespace,20.0,20.0,0.0
demo,constructed deterministic warm-update control,10,2,raw-quic-stream,98304,98304,98304,121.844,48.113,73.528,31.268,6.454417,6.454417,113263,134,0,0,0,True,0,0,13,reno,Linux tc/netem qdisc on loopback in an isolated network namespace,20.0,20.0,0.0
demo,constructed deterministic warm-update control,11,1,raw-quic-stream,98304,98304,98304,121.286,47.849,73.266,30.528,6.484112,6.484112,113263,134,0,0,0,True,0,0,13,reno,Linux tc/netem qdisc on loopback in an isolated network namespace,20.0,20.0,0.0
demo,constructed deterministic warm-update control,11,2,redulink-binary-quic-stream,98304,30851,98304,103.213,51.717,51.331,23.867,7.619505,2.391249,40521,56,0,0,0,True,13,13,13,reno,Linux tc/netem qdisc on loopback in an isolated network namespace,20.0,20.0,0.0
demo,constructed deterministic warm-update control,12,1,redulink-binary-quic-stream,98304,30851,98304,105.29,51.635,53.25,31.066,7.469199,2.344078,40521,56,0,0,0,True,13,13,13,reno,Linux tc/netem qdisc on loopback in an isolated network namespace,20.0,20.0,0.0
demo,constructed deterministic warm-update control,12,2,raw-quic-stream,98304,98304,98304,120.603,48.065,72.28,31.418,6.520833,6.520833,113333,135,0,0,0,True,0,0,13,reno,Linux tc/netem qdisc on loopback in an isolated network namespace,20.0,20.0,0.0
demo,constructed deterministic warm-update control,13,1,raw-quic-stream,98304,98304,98304,121.131,47.666,73.252,30.607,6.492409,6.492409,113263,134,0,0,0,True,0,0,13,reno,Linux tc/netem qdisc on loopback in an isolated network namespace,20.0,20.0,0.0
demo,constructed deterministic warm-update control,13,2,redulink-binary-quic-stream,98304,30851,98304,102.62,51.922,50.575,23.88,7.663535,2.405067,40522,56,0,0,0,True,13,13,13,reno,Linux tc/netem qdisc on loopback in an isolated network namespace,20.0,20.0,0.0
demo,constructed deterministic warm-update control,14,1,redulink-binary-quic-stream,98304,30851,98304,102.433,51.714,50.588,24.069,7.677526,2.409458,40523,56,0,0,0,True,13,13,13,reno,Linux tc/netem qdisc on loopback in an isolated network namespace,20.0,20.0,0.0
demo,constructed deterministic warm-update control,14,2,raw-quic-stream,98304,98304,98304,121.379,47.821,73.26,30.913,6.479144,6.479144,113261,134,0,0,0,True,0,0,13,reno,Linux tc/netem qdisc on loopback in an isolated network namespace,20.0,20.0,0.0
demo,constructed deterministic warm-update control,15,1,raw-quic-stream,98304,98304,98304,121.019,48.415,72.302,32.208,6.498418,6.498418,113335,135,0,0,0,True,0,0,13,reno,Linux tc/netem qdisc on loopback in an isolated network namespace,20.0,20.0,0.0
demo,constructed deterministic warm-update control,15,2,redulink-binary-quic-stream,98304,30851,98304,102.34,51.747,50.505,23.658,7.684503,2.411647,40522,56,0,0,0,True,13,13,13,reno,Linux tc/netem qdisc on loopback in an isolated network namespace,20.0,20.0,0.0
demo,constructed deterministic warm-update control,16,1,redulink-binary-quic-stream,98304,30851,98304,102.862,52.082,50.673,24.451,7.645506,2.399409,40522,56,0,0,0,True,13,13,13,reno,Linux tc/netem qdisc on loopback in an isolated network namespace,20.0,20.0,0.0
demo,constructed deterministic warm-update control,16,2,raw-quic-stream,98304,98304,98304,121.491,47.93,73.257,31.467,6.473171,6.473171,113339,135,0,0,0,True,0,0,13,reno,Linux tc/netem qdisc on loopback in an isolated network namespace,20.0,20.0,0.0
demo,constructed deterministic warm-update control,17,1,raw-quic-stream,98304,98304,98304,121.397,47.943,73.224,31.201,6.478183,6.478183,113337,135,0,0,0,True,0,0,13,reno,Linux tc/netem qdisc on loopback in an isolated network namespace,20.0,20.0,0.0
demo,constructed deterministic warm-update control,17,2,redulink-binary-quic-stream,98304,30851,98304,102.409,51.709,50.626,23.791,7.679325,2.410023,40522,56,0,0,0,True,13,13,13,reno,Linux tc/netem qdisc on loopback in an isolated network namespace,20.0,20.0,0.0
demo,constructed deterministic warm-update control,18,1,redulink-binary-quic-stream,98304,30851,98304,104.367,51.872,52.413,26.341,7.535255,2.364809,40522,56,0,0,0,True,13,13,13,reno,Linux tc/netem qdisc on loopback in an isolated network namespace,20.0,20.0,0.0
demo,constructed deterministic warm-update control,18,2,raw-quic-stream,98304,98304,98304,121.696,48.009,73.489,31.106,6.462267,6.462267,113263,134,0,0,0,True,0,0,13,reno,Linux tc/netem qdisc on loopback in an isolated network namespace,20.0,20.0,0.0
demo,constructed deterministic warm-update control,19,1,raw-quic-stream,98304,98304,98304,121.552,48.018,73.303,31.098,6.469922,6.469922,113337,135,0,0,0,True,0,0,13,reno,Linux tc/netem qdisc on loopback in an isolated network namespace,20.0,20.0,0.0
demo,constructed deterministic warm-update control,19,2,redulink-binary-quic-stream,98304,30851,98304,102.412,51.882,50.442,23.962,7.6791,2.409952,40522,56,0,0,0,True,13,13,13,reno,Linux tc/netem qdisc on loopback in an isolated network namespace,20.0,20.0,0.0
demo,constructed deterministic warm-update control,20,1,redulink-binary-quic-stream,98304,30851,98304,102.148,51.553,50.424,23.804,7.698947,2.41618,40521,56,0,0,0,True,13,13,13,reno,Linux tc/netem qdisc on loopback in an isolated network namespace,20.0,20.0,0.0
demo,constructed deterministic warm-update control,20,2,raw-quic-stream,98304,98304,98304,122.593,48.691,73.605,32.312,6.414983,6.414983,113263,134,0,0,0,True,0,0,13,reno,Linux tc/netem qdisc on loopback in an isolated network namespace,20.0,20.0,0.0
demo,constructed deterministic warm-update control,1,1,raw-quic-stream,98304,98304,98304,124.974,47.772,76.886,30.732,6.292765,6.292765,113033,131,2,0,0,True,0,0,13,reno,Linux tc/netem qdisc on loopback in an isolated network namespace,20.0,20.0,0.5
demo,constructed deterministic warm-update control,1,2,redulink-binary-quic-stream,98304,30851,98304,102.549,51.958,50.498,24.233,7.668841,2.406732,40522,56,0,0,0,True,13,13,13,reno,Linux tc/netem qdisc on loopback in an isolated network namespace,20.0,20.0,0.5
demo,constructed deterministic warm-update control,2,1,redulink-binary-quic-stream,98304,30851,98304,102.259,51.637,50.462,24.192,7.69059,2.413558,40522,56,0,0,0,True,13,13,13,reno,Linux tc/netem qdisc on loopback in an isolated network namespace,20.0,20.0,0.5
demo,constructed deterministic warm-update control,2,2,raw-quic-stream,98304,98304,98304,121.575,48.168,73.203,31.334,6.468698,6.468698,113263,134,0,0,0,True,0,0,13,reno,Linux tc/netem qdisc on loopback in an isolated network namespace,20.0,20.0,0.5
demo,constructed deterministic warm-update control,3,1,raw-quic-stream,98304,98304,98304,129.939,47.891,81.832,31.673,6.052317,6.052317,113579,138,1,0,0,True,0,0,13,reno,Linux tc/netem qdisc on loopback in an isolated network namespace,20.0,20.0,0.5
demo,constructed deterministic warm-update control,3,2,redulink-binary-quic-stream,98304,30851,98304,182.039,131.465,50.5,25.603,4.320129,1.355797,40847,60,1,0,0,True,13,13,13,reno,Linux tc/netem qdisc on loopback in an isolated network namespace,20.0,20.0,0.5
demo,constructed deterministic warm-update control,4,1,redulink-binary-quic-stream,98304,30851,98304,135.215,51.804,83.23,27.201,5.816159,1.8253,40913,61,1,0,0,True,13,13,13,reno,Linux tc/netem qdisc on loopback in an isolated network namespace,20.0,20.0,0.5
demo,constructed deterministic warm-update control,4,2,raw-quic-stream,98304,98304,98304,131.995,48.616,83.172,36.114,5.958044,5.958044,112897,129,0,0,0,True,0,0,13,reno,Linux tc/netem qdisc on loopback in an isolated network namespace,20.0,20.0,0.5
demo,constructed deterministic warm-update control,5,1,raw-quic-stream,98304,98304,98304,145.097,48.122,96.979,27.196,5.420043,5.420043,113593,138,1,0,0,True,0,0,13,reno,Linux tc/netem qdisc on loopback in an isolated network namespace,20.0,20.0,0.5
demo,constructed deterministic warm-update control,5,2,redulink-binary-quic-stream,98304,30851,98304,103.094,52.534,50.383,23.752,7.6283,2.394009,40452,55,0,0,0,True,13,13,13,reno,Linux tc/netem qdisc on loopback in an isolated network namespace,20.0,20.0,0.5
demo,constructed deterministic warm-update control,6,1,redulink-binary-quic-stream,98304,30851,98304,104.383,51.968,52.265,23.022,7.5341,2.364446,40521,56,0,0,0,True,13,13,13,reno,Linux tc/netem qdisc on loopback in an isolated network namespace,20.0,20.0,0.5
demo,constructed deterministic warm-update control,6,2,raw-quic-stream,98304,98304,98304,160.014,47.876,111.958,28.646,4.91477,4.91477,114206,146,1,0,0,True,0,0,13,reno,Linux tc/netem qdisc on loopback in an isolated network namespace,20.0,20.0,0.5
demo,constructed deterministic warm-update control,7,1,raw-quic-stream,98304,98304,98304,121.206,48.1,73.152,27.056,6.488392,6.488392,113413,136,0,0,0,True,0,0,13,reno,Linux tc/netem qdisc on loopback in an isolated network namespace,20.0,20.0,0.5
demo,constructed deterministic warm-update control,7,2,redulink-binary-quic-stream,98304,30851,98304,101.968,51.651,50.202,22.53,7.712537,2.420446,40524,56,0,0,0,True,13,13,13,reno,Linux tc/netem qdisc on loopback in an isolated network namespace,20.0,20.0,0.5
demo,constructed deterministic warm-update control,8,1,redulink-binary-quic-stream,98304,30851,98304,102.409,51.957,50.303,22.638,7.679325,2.410023,40521,56,0,0,0,True,13,13,13,reno,Linux tc/netem qdisc on loopback in an isolated network namespace,20.0,20.0,0.5
demo,constructed deterministic warm-update control,8,2,raw-quic-stream,98304,98304,98304,131.712,48.001,83.45,27.126,5.970845,5.970845,113496,137,2,0,0,True,0,0,13,reno,Linux tc/netem qdisc on loopback in an isolated network namespace,20.0,20.0,0.5
demo,constructed deterministic warm-update control,9,1,raw-quic-stream,98304,98304,98304,121.182,47.926,73.07,26.694,6.489677,6.489677,113261,134,1,0,0,True,0,0,13,reno,Linux tc/netem qdisc on loopback in an isolated network namespace,20.0,20.0,0.5
demo,constructed deterministic warm-update control,9,2,redulink-binary-quic-stream,98304,30851,98304,101.869,51.596,50.152,22.363,7.720033,2.422798,40448,55,1,0,0,True,13,13,13,reno,Linux tc/netem qdisc on loopback in an isolated network namespace,20.0,20.0,0.5
demo,constructed deterministic warm-update control,10,1,redulink-binary-quic-stream,98304,30851,98304,102.334,51.917,50.261,22.822,7.684953,2.411789,40521,56,0,0,0,True,13,13,13,reno,Linux tc/netem qdisc on loopback in an isolated network namespace,20.0,20.0,0.5
demo,constructed deterministic warm-update control,10,2,raw-quic-stream,98304,98304,98304,120.725,48.233,72.195,28.507,6.514243,6.514243,113262,134,0,0,0,True,0,0,13,reno,Linux tc/netem qdisc on loopback in an isolated network namespace,20.0,20.0,0.5
demo,constructed deterministic warm-update control,11,1,raw-quic-stream,98304,98304,98304,121.03,47.953,73.042,26.613,6.497827,6.497827,113337,135,0,0,0,True,0,0,13,reno,Linux tc/netem qdisc on loopback in an isolated network namespace,20.0,20.0,0.5
demo,constructed deterministic warm-update control,11,2,redulink-binary-quic-stream,98304,30851,98304,102.384,52.05,50.197,23.07,7.6812,2.410611,40523,56,0,0,0,True,13,13,13,reno,Linux tc/netem qdisc on loopback in an isolated network namespace,20.0,20.0,0.5
demo,constructed deterministic warm-update control,12,1,redulink-binary-quic-stream,98304,30851,98304,102.062,51.502,50.34,22.662,7.705434,2.418216,40519,56,0,0,0,True,13,13,13,reno,Linux tc/netem qdisc on loopback in an isolated network namespace,20.0,20.0,0.5
demo,constructed deterministic warm-update control,12,2,raw-quic-stream,98304,98304,98304,231.392,48.095,183.252,31.451,3.3987,3.3987,114428,149,1,0,0,True,0,0,13,reno,Linux tc/netem qdisc on loopback in an isolated network namespace,20.0,20.0,0.5
demo,constructed deterministic warm-update control,13,1,raw-quic-stream,98304,98304,98304,121.016,47.851,73.068,26.428,6.498579,6.498579,113413,136,0,0,0,True,0,0,13,reno,Linux tc/netem qdisc on loopback in an isolated network namespace,20.0,20.0,0.5
demo,constructed deterministic warm-update control,13,2,redulink-binary-quic-stream,98304,30851,98304,102.039,51.568,50.333,22.212,7.707171,2.418761,40523,56,0,0,0,True,13,13,13,reno,Linux tc/netem qdisc on loopback in an isolated network namespace,20.0,20.0,0.5
demo,constructed deterministic warm-update control,14,1,redulink-binary-quic-stream,98304,30851,98304,102.962,52.297,50.528,23.645,7.63808,2.397079,40523,56,0,0,0,True,13,13,13,reno,Linux tc/netem qdisc on loopback in an isolated network namespace,20.0,20.0,0.5
demo,constructed deterministic warm-update control,14,2,raw-quic-stream,98304,98304,98304,121.124,48.0,73.063,26.348,6.492784,6.492784,113413,136,0,0,0,True,0,0,13,reno,Linux tc/netem qdisc on loopback in an isolated network namespace,20.0,20.0,0.5
demo,constructed deterministic warm-update control,15,1,raw-quic-stream,98304,98304,98304,121.739,48.308,73.253,26.623,6.459984,6.459984,113188,133,0,0,0,True,0,0,13,reno,Linux tc/netem qdisc on loopback in an isolated network namespace,20.0,20.0,0.5
demo,constructed deterministic warm-update control,15,2,redulink-binary-quic-stream,98304,30851,98304,102.093,51.719,50.186,22.785,7.703094,2.417482,40522,56,0,0,0,True,13,13,13,reno,Linux tc/netem qdisc on loopback in an isolated network namespace,20.0,20.0,0.5
demo,constructed deterministic warm-update control,16,1,redulink-binary-quic-stream,98304,30851,98304,135.216,51.321,83.564,23.196,5.816116,1.825287,40699,58,1,0,0,True,13,13,13,reno,Linux tc/netem qdisc on loopback in an isolated network namespace,20.0,20.0,0.5
demo,constructed deterministic warm-update control,16,2,raw-quic-stream,98304,98304,98304,121.351,47.825,73.353,28.45,6.480639,6.480639,113188,133,0,0,0,True,0,0,13,reno,Linux tc/netem qdisc on loopback in an isolated network namespace,20.0,20.0,0.5
demo,constructed deterministic warm-update control,17,1,raw-quic-stream,98304,98304,98304,132.116,47.929,83.895,26.575,5.952587,5.952587,113459,136,2,0,0,True,0,0,13,reno,Linux tc/netem qdisc on loopback in an isolated network namespace,20.0,20.0,0.5
demo,constructed deterministic warm-update control,17,2,redulink-binary-quic-stream,98304,30851,98304,102.017,51.72,50.196,22.325,7.708833,2.419283,40522,56,0,0,0,True,13,13,13,reno,Linux tc/netem qdisc on loopback in an isolated network namespace,20.0,20.0,0.5
demo,constructed deterministic warm-update control,18,1,redulink-binary-quic-stream,98304,30851,98304,102.31,51.796,50.317,22.671,7.686756,2.412355,40521,56,0,0,0,True,13,13,13,reno,Linux tc/netem qdisc on loopback in an isolated network namespace,20.0,20.0,0.5
demo,constructed deterministic warm-update control,18,2,raw-quic-stream,98304,98304,98304,528.969,248.544,280.038,36.751,1.486726,1.486726,116091,171,3,0,0,True,0,0,13,reno,Linux tc/netem qdisc on loopback in an isolated network namespace,20.0,20.0,0.5
demo,constructed deterministic warm-update control,19,1,raw-quic-stream,98304,98304,98304,121.412,48.163,73.063,26.971,6.477383,6.477383,113339,135,0,0,0,True,0,0,13,reno,Linux tc/netem qdisc on loopback in an isolated network namespace,20.0,20.0,0.5
demo,constructed deterministic warm-update control,19,2,redulink-binary-quic-stream,98304,30851,98304,102.068,51.766,50.185,22.427,7.704981,2.418074,40523,56,0,0,0,True,13,13,13,reno,Linux tc/netem qdisc on loopback in an isolated network namespace,20.0,20.0,0.5
demo,constructed deterministic warm-update control,20,1,redulink-binary-quic-stream,98304,30851,98304,102.051,51.621,50.295,22.414,7.706265,2.418477,40521,56,0,0,0,True,13,13,13,reno,Linux tc/netem qdisc on loopback in an isolated network namespace,20.0,20.0,0.5
demo,constructed deterministic warm-update control,20,2,raw-quic-stream,98304,98304,98304,185.245,47.909,137.009,29.749,4.245362,4.245362,114202,146,2,0,0,True,0,0,13,reno,Linux tc/netem qdisc on loopback in an isolated network namespace,20.0,20.0,0.5
demo,constructed deterministic warm-update control,1,1,raw-quic-stream,98304,98304,98304,419.485,167.859,251.272,31.494,1.874756,1.874756,114182,146,0,0,0,True,0,0,13,reno,Linux tc/netem qdisc on loopback in an isolated network namespace,20.0,80.0,0.0
demo,constructed deterministic warm-update control,1,2,redulink-binary-quic-stream,98304,30851,98304,356.957,172.546,184.327,25.513,2.203156,0.691422,40531,56,0,0,0,True,13,13,13,reno,Linux tc/netem qdisc on loopback in an isolated network namespace,20.0,80.0,0.0
demo,constructed deterministic warm-update control,2,1,redulink-binary-quic-stream,98304,30851,98304,356.743,172.343,184.146,25.573,2.204478,0.691837,40531,56,0,0,0,True,13,13,13,reno,Linux tc/netem qdisc on loopback in an isolated network namespace,20.0,80.0,0.0
demo,constructed deterministic warm-update control,2,2,raw-quic-stream,98304,98304,98304,419.005,167.781,250.872,31.153,1.876904,1.876904,114032,144,0,0,0,True,0,0,13,reno,Linux tc/netem qdisc on loopback in an isolated network namespace,20.0,80.0,0.0
demo,constructed deterministic warm-update control,3,1,raw-quic-stream,98304,98304,98304,420.909,170.283,250.559,32.732,1.868413,1.868413,114026,144,0,0,0,True,0,0,13,reno,Linux tc/netem qdisc on loopback in an isolated network namespace,20.0,80.0,0.0
demo,constructed deterministic warm-update control,3,2,redulink-binary-quic-stream,98304,30851,98304,357.681,172.279,185.115,28.727,2.198697,0.690023,40531,56,0,0,0,True,13,13,13,reno,Linux tc/netem qdisc on loopback in an isolated network namespace,20.0,80.0,0.0
demo,constructed deterministic warm-update control,4,1,redulink-binary-quic-stream,98304,30851,98304,356.569,172.009,184.227,25.451,2.205553,0.692175,40531,56,0,0,0,True,13,13,13,reno,Linux tc/netem qdisc on loopback in an isolated network namespace,20.0,80.0,0.0
demo,constructed deterministic warm-update control,4,2,raw-quic-stream,98304,98304,98304,419.224,168.651,250.366,31.833,1.875923,1.875923,113952,143,0,0,0,True,0,0,13,reno,Linux tc/netem qdisc on loopback in an isolated network namespace,20.0,80.0,0.0
demo,constructed deterministic warm-update control,5,1,raw-quic-stream,98304,98304,98304,418.72,168.107,250.321,31.237,1.878181,1.878181,113952,143,0,0,0,True,0,0,13,reno,Linux tc/netem qdisc on loopback in an isolated network namespace,20.0,80.0,0.0
demo,constructed deterministic warm-update control,5,2,redulink-binary-quic-stream,98304,30851,98304,349.858,171.992,177.646,24.792,2.247861,0.705452,40531,56,0,0,0,True,13,13,13,reno,Linux tc/netem qdisc on loopback in an isolated network namespace,20.0,80.0,0.0
demo,constructed deterministic warm-update control,6,1,redulink-binary-quic-stream,98304,30851,98304,356.357,171.855,184.252,24.654,2.206866,0.692586,40530,56,0,0,0,True,13,13,13,reno,Linux tc/netem qdisc on loopback in an isolated network namespace,20.0,80.0,0.0
demo,constructed deterministic warm-update control,6,2,raw-quic-stream,98304,98304,98304,419.503,167.953,251.203,32.172,1.874676,1.874676,114182,146,0,0,0,True,0,0,13,reno,Linux tc/netem qdisc on loopback in an isolated network namespace,20.0,80.0,0.0
demo,constructed deterministic warm-update control,7,1,raw-quic-stream,98304,98304,98304,419.688,168.082,251.16,32.593,1.873849,1.873849,114180,146,0,0,0,True,0,0,13,reno,Linux tc/netem qdisc on loopback in an isolated network namespace,20.0,80.0,0.0
demo,constructed deterministic warm-update control,7,2,redulink-binary-quic-stream,98304,30851,98304,356.8,172.186,184.315,26.403,2.204126,0.691726,40531,56,0,0,0,True,13,13,13,reno,Linux tc/netem qdisc on loopback in an isolated network namespace,20.0,80.0,0.0
demo,constructed deterministic warm-update control,8,1,redulink-binary-quic-stream,98304,30851,98304,356.479,172.074,184.169,25.08,2.20611,0.692349,40531,56,0,0,0,True,13,13,13,reno,Linux tc/netem qdisc on loopback in an isolated network namespace,20.0,80.0,0.0
demo,constructed deterministic warm-update control,8,2,raw-quic-stream,98304,98304,98304,419.142,167.721,251.141,30.883,1.87629,1.87629,114182,146,0,0,0,True,0,0,13,reno,Linux tc/netem qdisc on loopback in an isolated network namespace,20.0,80.0,0.0
demo,constructed deterministic warm-update control,9,1,raw-quic-stream,98304,98304,98304,419.78,168.181,251.26,31.426,1.873438,1.873438,114180,146,0,0,0,True,0,0,13,reno,Linux tc/netem qdisc on loopback in an isolated network namespace,20.0,80.0,0.0
demo,constructed deterministic warm-update control,9,2,redulink-binary-quic-stream,98304,30851,98304,352.12,174.245,177.613,26.948,2.23342,0.70092,40531,56,0,0,0,True,13,13,13,reno,Linux tc/netem qdisc on loopback in an isolated network namespace,20.0,80.0,0.0
demo,constructed deterministic warm-update control,10,1,redulink-binary-quic-stream,98304,30851,98304,350.739,172.435,178.237,27.368,2.242214,0.70368,40531,56,0,0,0,True,13,13,13,reno,Linux tc/netem qdisc on loopback in an isolated network namespace,20.0,80.0,0.0
demo,constructed deterministic warm-update control,10,2,raw-quic-stream,98304,98304,98304,418.922,168.231,250.323,32.659,1.877275,1.877275,114102,145,0,0,0,True,0,0,13,reno,Linux tc/netem qdisc on loopback in an isolated network namespace,20.0,80.0,0.0
demo,constructed deterministic warm-update control,11,1,raw-quic-stream,98304,98304,98304,419.36,167.91,251.149,31.046,1.875315,1.875315,114182,146,0,0,0,True,0,0,13,reno,Linux tc/netem qdisc on loopback in an isolated network namespace,20.0,80.0,0.0
demo,constructed deterministic warm-update control,11,2,redulink-binary-quic-stream,98304,30851,98304,356.595,172.142,184.157,25.07,2.205393,0.692124,40531,56,0,0,0,True,13,13,13,reno,Linux tc/netem qdisc on loopback in an isolated network namespace,20.0,80.0,0.0
demo,constructed deterministic warm-update control,12,1,redulink-binary-quic-stream,98304,30851,98304,357.472,172.952,184.286,26.545,2.199982,0.690426,40531,56,0,0,0,True,13,13,13,reno,Linux tc/netem qdisc on loopback in an isolated network namespace,20.0,80.0,0.0
demo,constructed deterministic warm-update control,12,2,raw-quic-stream,98304,98304,98304,418.571,167.9,250.51,31.922,1.87885,1.87885,113950,143,0,0,0,True,0,0,13,reno,Linux tc/netem qdisc on loopback in an isolated network namespace,20.0,80.0,0.0
demo,constructed deterministic warm-update control,13,1,raw-quic-stream,98304,98304,98304,419.021,168.444,250.286,31.567,1.876832,1.876832,113952,143,0,0,0,True,0,0,13,reno,Linux tc/netem qdisc on loopback in an isolated network namespace,20.0,80.0,0.0
demo,constructed deterministic warm-update control,13,2,redulink-binary-quic-stream,98304,30851,98304,356.726,172.237,184.174,25.452,2.204583,0.69187,40530,56,0,0,0,True,13,13,13,reno,Linux tc/netem qdisc on loopback in an isolated network namespace,20.0,80.0,0.0
demo,constructed deterministic warm-update control,14,1,redulink-binary-quic-stream,98304,30851,98304,350.036,172.159,177.614,24.929,2.246717,0.705093,40531,56,0,0,0,True,13,13,13,reno,Linux tc/netem qdisc on loopback in an isolated network namespace,20.0,80.0,0.0
demo,constructed deterministic warm-update control,14,2,raw-quic-stream,98304,98304,98304,419.292,168.614,250.401,32.865,1.875619,1.875619,114102,145,0,0,0,True,0,0,13,reno,Linux tc/netem qdisc on loopback in an isolated network namespace,20.0,80.0,0.0
demo,constructed deterministic warm-update control,15,1,raw-quic-stream,98304,98304,98304,420.313,168.621,251.313,32.373,1.871063,1.871063,114032,144,0,0,0,True,0,0,13,reno,Linux tc/netem qdisc on loopback in an isolated network namespace,20.0,80.0,0.0
demo,constructed deterministic warm-update control,15,2,redulink-binary-quic-stream,98304,30851,98304,356.512,172.144,184.179,24.943,2.205906,0.692285,40531,56,0,0,0,True,13,13,13,reno,Linux tc/netem qdisc on loopback in an isolated network namespace,20.0,80.0,0.0
demo,constructed deterministic warm-update control,16,1,redulink-binary-quic-stream,98304,30851,98304,357.086,171.239,185.432,26.742,2.20236,0.691172,40671,58,0,0,0,True,13,13,13,reno,Linux tc/netem qdisc on loopback in an isolated network namespace,20.0,80.0,0.0
demo,constructed deterministic warm-update control,16,2,raw-quic-stream,98304,98304,98304,418.444,167.779,250.331,31.738,1.87942,1.87942,114103,145,0,0,0,True,0,0,13,reno,Linux tc/netem qdisc on loopback in an isolated network namespace,20.0,80.0,0.0
demo,constructed deterministic warm-update control,17,1,raw-quic-stream,98304,98304,98304,419.74,168.175,251.208,32.356,1.873617,1.873617,114182,146,0,0,0,True,0,0,13,reno,Linux tc/netem qdisc on loopback in an isolated network namespace,20.0,80.0,0.0
demo,constructed deterministic warm-update control,17,2,redulink-binary-quic-stream,98304,30851,98304,356.125,171.628,184.256,24.445,2.208303,0.693038,40531,56,0,0,0,True,13,13,13,reno,Linux tc/netem qdisc on loopback in an isolated network namespace,20.0,80.0,0.0
demo,constructed deterministic warm-update control,18,1,redulink-binary-quic-stream,98304,30851,98304,356.889,172.002,184.54,25.988,2.203576,0.691554,40529,56,0,0,0,True,13,13,13,reno,Linux tc/netem qdisc on loopback in an isolated network namespace,20.0,80.0,0.0
demo,constructed deterministic warm-update control,18,2,raw-quic-stream,98304,98304,98304,419.384,168.701,250.392,32.464,1.875207,1.875207,113953,143,0,0,0,True,0,0,13,reno,Linux tc/netem qdisc on loopback in an isolated network namespace,20.0,80.0,0.0
demo,constructed deterministic warm-update control,19,1,raw-quic-stream,98304,98304,98304,419.383,167.694,251.3,32.257,1.875212,1.875212,114178,146,0,0,0,True,0,0,13,reno,Linux tc/netem qdisc on loopback in an isolated network namespace,20.0,80.0,0.0
demo,constructed deterministic warm-update control,19,2,redulink-binary-quic-stream,98304,30851,98304,356.316,171.739,184.269,24.809,2.20712,0.692666,40531,56,0,0,0,True,13,13,13,reno,Linux tc/netem qdisc on loopback in an isolated network namespace,20.0,80.0,0.0
demo,constructed deterministic warm-update control,20,1,redulink-binary-quic-stream,98304,30851,98304,356.77,172.284,184.206,25.087,2.204311,0.691785,40531,56,0,0,0,True,13,13,13,reno,Linux tc/netem qdisc on loopback in an isolated network namespace,20.0,80.0,0.0
demo,constructed deterministic warm-update control,20,2,raw-quic-stream,98304,98304,98304,418.771,167.971,250.377,31.507,1.877952,1.877952,113951,143,0,0,0,True,0,0,13,reno,Linux tc/netem qdisc on loopback in an isolated network namespace,20.0,80.0,0.0
demo,constructed deterministic warm-update control,1,1,raw-quic-stream,98304,98304,98304,496.991,168.044,328.488,31.888,1.582387,1.582387,114135,145,2,0,0,True,0,0,13,reno,Linux tc/netem qdisc on loopback in an isolated network namespace,20.0,80.0,0.5
demo,constructed deterministic warm-update control,1,2,redulink-binary-quic-stream,98304,30851,98304,350.523,172.578,177.746,25.275,2.243596,0.704114,40531,56,0,0,0,True,13,13,13,reno,Linux tc/netem qdisc on loopback in an isolated network namespace,20.0,80.0,0.5
demo,constructed deterministic warm-update control,2,1,redulink-binary-quic-stream,98304,30851,98304,348.824,172.999,175.604,25.832,2.254524,0.707543,40382,54,1,0,0,True,13,13,13,reno,Linux tc/netem qdisc on loopback in an isolated network namespace,20.0,80.0,0.5
demo,constructed deterministic warm-update control,2,2,raw-quic-stream,98304,98304,98304,600.654,168.481,431.538,36.291,1.309293,1.309293,114909,155,3,0,0,True,0,0,13,reno,Linux tc/netem qdisc on loopback in an isolated network namespace,20.0,80.0,0.5
demo,constructed deterministic warm-update control,3,1,raw-quic-stream,98304,98304,98304,419.586,167.712,251.502,32.845,1.874305,1.874305,114178,146,0,0,0,True,0,0,13,reno,Linux tc/netem qdisc on loopback in an isolated network namespace,20.0,80.0,0.5
demo,constructed deterministic warm-update control,3,2,redulink-binary-quic-stream,98304,30851,98304,453.456,171.727,281.317,26.129,1.734307,0.544282,40558,56,1,0,0,True,13,13,13,reno,Linux tc/netem qdisc on loopback in an isolated network namespace,20.0,80.0,0.5
demo,constructed deterministic warm-update control,4,1,redulink-binary-quic-stream,98304,30851,98304,745.001,373.035,371.672,28.867,1.055612,0.331285,40532,56,2,0,0,True,13,13,13,reno,Linux tc/netem qdisc on loopback in an isolated network namespace,20.0,80.0,0.5
demo,constructed deterministic warm-update control,4,2,raw-quic-stream,98304,98304,98304,420.218,168.62,251.266,32.586,1.871486,1.871486,114106,145,0,0,0,True,0,0,13,reno,Linux tc/netem qdisc on loopback in an isolated network namespace,20.0,80.0,0.5
demo,constructed deterministic warm-update control,5,1,raw-quic-stream,98304,98304,98304,419.38,167.778,251.228,31.105,1.875225,1.875225,114182,146,0,0,0,True,0,0,13,reno,Linux tc/netem qdisc on loopback in an isolated network namespace,20.0,80.0,0.5
demo,constructed deterministic warm-update control,5,2,redulink-binary-quic-stream,98304,30851,98304,356.412,171.789,184.211,24.824,2.206525,0.692479,40531,56,0,0,0,True,13,13,13,reno,Linux tc/netem qdisc on loopback in an isolated network namespace,20.0,80.0,0.5
demo,constructed deterministic warm-update control,6,1,redulink-binary-quic-stream,98304,30851,98304,356.656,172.14,184.189,25.423,2.205015,0.692006,40531,56,0,0,0,True,13,13,13,reno,Linux tc/netem qdisc on loopback in an isolated network namespace,20.0,80.0,0.5
demo,constructed deterministic warm-update control,6,2,raw-quic-stream,98304,98304,98304,419.388,168.692,250.335,33.225,1.87519,1.87519,113952,143,0,0,0,True,0,0,13,reno,Linux tc/netem qdisc on loopback in an isolated network namespace,20.0,80.0,0.5
demo,constructed deterministic warm-update control,7,1,raw-quic-stream,98304,98304,98304,418.304,167.633,250.362,31.505,1.880049,1.880049,113877,142,1,0,0,True,0,0,13,reno,Linux tc/netem qdisc on loopback in an isolated network namespace,20.0,80.0,0.5
demo,constructed deterministic warm-update control,7,2,redulink-binary-quic-stream,98304,30851,98304,349.645,171.906,177.501,24.492,2.24923,0.705882,40530,56,0,0,0,True,13,13,13,reno,Linux tc/netem qdisc on loopback in an isolated network namespace,20.0,80.0,0.5
demo,constructed deterministic warm-update control,8,1,redulink-binary-quic-stream,98304,30851,98304,356.919,172.232,184.395,25.014,2.203391,0.691496,40531,56,0,0,0,True,13,13,13,reno,Linux tc/netem qdisc on loopback in an isolated network namespace,20.0,80.0,0.5
demo,constructed deterministic warm-update control,8,2,raw-quic-stream,98304,98304,98304,518.6,168.173,349.956,35.335,1.516452,1.516452,114826,154,1,0,0,True,0,0,13,reno,Linux tc/netem qdisc on loopback in an isolated network namespace,20.0,80.0,0.5
demo,constructed deterministic warm-update control,9,1,raw-quic-stream,98304,98304,98304,537.437,168.219,368.884,35.186,1.463301,1.463301,114902,155,1,0,0,True,0,0,13,reno,Linux tc/netem qdisc on loopback in an isolated network namespace,20.0,80.0,0.5
demo,constructed deterministic warm-update control,9,2,redulink-binary-quic-stream,98304,30851,98304,431.924,171.342,260.086,28.044,1.820765,0.571415,40681,58,1,0,0,True,13,13,13,reno,Linux tc/netem qdisc on loopback in an isolated network namespace,20.0,80.0,0.5
demo,constructed deterministic warm-update control,10,1,redulink-binary-quic-stream,98304,30851,98304,527.386,172.47,354.842,28.91,1.491189,0.467984,40851,60,2,0,0,True,13,13,13,reno,Linux tc/netem qdisc on loopback in an isolated network namespace,20.0,80.0,0.5
demo,constructed deterministic warm-update control,10,2,raw-quic-stream,98304,98304,98304,590.23,168.051,421.832,37.74,1.332416,1.332416,116350,174,1,0,0,True,0,0,13,reno,Linux tc/netem qdisc on loopback in an isolated network namespace,20.0,80.0,0.5
demo,constructed deterministic warm-update control,11,1,raw-quic-stream,98304,98304,98304,419.506,167.854,251.29,31.545,1.874662,1.874662,114180,146,0,0,0,True,0,0,13,reno,Linux tc/netem qdisc on loopback in an isolated network namespace,20.0,80.0,0.5
demo,constructed deterministic warm-update control,11,2,redulink-binary-quic-stream,98304,30851,98304,356.356,171.863,184.257,25.259,2.206872,0.692588,40531,56,0,0,0,True,13,13,13,reno,Linux tc/netem qdisc on loopback in an isolated network namespace,20.0,80.0,0.5
demo,constructed deterministic warm-update control,12,1,redulink-binary-quic-stream,98304,30851,98304,433.096,172.426,260.163,25.952,1.815838,0.569869,40537,56,1,0,0,True,13,13,13,reno,Linux tc/netem qdisc on loopback in an isolated network namespace,20.0,80.0,0.5
demo,constructed deterministic warm-update control,12,2,raw-quic-stream,98304,98304,98304,418.516,167.903,250.317,31.408,1.879097,1.879097,113953,143,0,0,0,True,0,0,13,reno,Linux tc/netem qdisc on loopback in an isolated network namespace,20.0,80.0,0.5
demo,constructed deterministic warm-update control,13,1,raw-quic-stream,98304,98304,98304,517.689,168.298,348.882,34.076,1.519121,1.519121,114596,151,3,0,0,True,0,0,13,reno,Linux tc/netem qdisc on loopback in an isolated network namespace,20.0,80.0,0.5
demo,constructed deterministic warm-update control,13,2,redulink-binary-quic-stream,98304,30851,98304,356.299,171.711,184.294,24.876,2.207225,0.692699,40530,56,0,0,0,True,13,13,13,reno,Linux tc/netem qdisc on loopback in an isolated network namespace,20.0,80.0,0.5
demo,constructed deterministic warm-update control,14,1,redulink-binary-quic-stream,98304,30851,98304,357.499,172.835,184.421,27.217,2.199816,0.690374,40531,56,0,0,0,True,13,13,13,reno,Linux tc/netem qdisc on loopback in an isolated network namespace,20.0,80.0,0.5
demo,constructed deterministic warm-update control,14,2,raw-quic-stream,98304,98304,98304,419.348,167.751,251.252,31.463,1.875368,1.875368,114183,146,0,0,0,True,0,0,13,reno,Linux tc/netem qdisc on loopback in an isolated network namespace,20.0,80.0,0.5
demo,constructed deterministic warm-update control,15,1,raw-quic-stream,98304,98304,98304,419.33,167.838,251.221,30.74,1.875449,1.875449,114183,146,0,0,0,True,0,0,13,reno,Linux tc/netem qdisc on loopback in an isolated network namespace,20.0,80.0,0.5
demo,constructed deterministic warm-update control,15,2,redulink-binary-quic-stream,98304,30851,98304,357.235,172.597,184.425,25.935,2.201442,0.690884,40532,56,0,0,0,True,13,13,13,reno,Linux tc/netem qdisc on loopback in an isolated network namespace,20.0,80.0,0.5
demo,constructed deterministic warm-update control,16,1,redulink-binary-quic-stream,98304,30851,98304,465.115,171.765,292.726,29.773,1.690833,0.530639,40705,58,1,0,0,True,13,13,13,reno,Linux tc/netem qdisc on loopback in an isolated network namespace,20.0,80.0,0.5
demo,constructed deterministic warm-update control,16,2,raw-quic-stream,98304,98304,98304,450.801,167.787,282.614,31.775,1.744521,1.744521,114655,152,1,0,0,True,0,0,13,reno,Linux tc/netem qdisc on loopback in an isolated network namespace,20.0,80.0,0.5
demo,constructed deterministic warm-update control,17,1,raw-quic-stream,98304,98304,98304,419.195,167.683,251.164,30.747,1.876053,1.876053,114106,145,1,0,0,True,0,0,13,reno,Linux tc/netem qdisc on loopback in an isolated network namespace,20.0,80.0,0.5
demo,constructed deterministic warm-update control,17,2,redulink-binary-quic-stream,98304,30851,98304,357.047,172.514,184.245,25.944,2.202601,0.691248,40531,56,0,0,0,True,13,13,13,reno,Linux tc/netem qdisc on loopback in an isolated network namespace,20.0,80.0,0.5
demo,constructed deterministic warm-update control,18,1,redulink-binary-quic-stream,98304,30851,98304,351.924,173.989,177.687,27.034,2.234664,0.701311,40531,56,0,0,0,True,13,13,13,reno,Linux tc/netem qdisc on loopback in an isolated network namespace,20.0,80.0,0.5
demo,constructed deterministic warm-update control,18,2,raw-quic-stream,98304,98304,98304,418.817,168.172,250.314,30.83,1.877746,1.877746,113806,141,0,0,0,True,0,0,13,reno,Linux tc/netem qdisc on loopback in an isolated network namespace,20.0,80.0,0.5
demo,constructed deterministic warm-update control,19,1,raw-quic-stream,98304,98304,98304,469.581,168.156,300.947,32.08,1.674753,1.674753,114114,145,2,0,0,True,0,0,13,reno,Linux tc/netem qdisc on loopback in an isolated network namespace,20.0,80.0,0.5
demo,constructed deterministic warm-update control,19,2,redulink-binary-quic-stream,98304,30851,98304,356.711,172.187,184.151,26.214,2.204675,0.691899,40820,60,0,0,0,True,13,13,13,reno,Linux tc/netem qdisc on loopback in an isolated network namespace,20.0,80.0,0.5
demo,constructed deterministic warm-update control,20,1,redulink-binary-quic-stream,98304,30851,98304,356.341,171.875,184.2,24.816,2.206965,0.692617,40452,55,1,0,0,True,13,13,13,reno,Linux tc/netem qdisc on loopback in an isolated network namespace,20.0,80.0,0.5
demo,constructed deterministic warm-update control,20,2,raw-quic-stream,98304,98304,98304,419.589,168.014,251.288,32.063,1.874291,1.874291,114107,145,0,0,0,True,0,0,13,reno,Linux tc/netem qdisc on loopback in an isolated network namespace,20.0,80.0,0.5
redis,hash-pinned public Redis release-layer bytes,1,1,raw-quic-stream,524288,524288,524288,1011.099,62.109,955.992,165.106,4.148262,4.148262,599793,921,0,0,0,True,0,0,13,reno,Linux tc/netem qdisc on loopback in an isolated network namespace,5.0,20.0,0.0
redis,hash-pinned public Redis release-layer bytes,1,2,redulink-binary-quic-stream,524288,139634,524288,345.886,75.948,273.216,89.472,12.126261,3.229596,164362,253,0,0,0,True,72,72,13,reno,Linux tc/netem qdisc on loopback in an isolated network namespace,5.0,20.0,0.0
redis,hash-pinned public Redis release-layer bytes,2,1,redulink-binary-quic-stream,524288,139634,524288,345.433,75.934,272.799,86.369,12.142164,3.233831,164354,253,0,0,0,True,72,72,13,reno,Linux tc/netem qdisc on loopback in an isolated network namespace,5.0,20.0,0.0
redis,hash-pinned public Redis release-layer bytes,2,2,raw-quic-stream,524288,524288,524288,1011.628,62.253,956.299,160.404,4.146093,4.146093,599868,922,0,0,0,True,0,0,13,reno,Linux tc/netem qdisc on loopback in an isolated network namespace,5.0,20.0,0.0
redis,hash-pinned public Redis release-layer bytes,3,1,raw-quic-stream,524288,524288,524288,1011.59,62.257,956.256,160.989,4.146249,4.146249,599791,921,0,0,0,True,0,0,13,reno,Linux tc/netem qdisc on loopback in an isolated network namespace,5.0,20.0,0.0
redis,hash-pinned public Redis release-layer bytes,3,2,redulink-binary-quic-stream,524288,139634,524288,346.44,76.467,273.325,87.338,12.10687,3.224431,164355,253,0,0,0,True,72,72,13,reno,Linux tc/netem qdisc on loopback in an isolated network namespace,5.0,20.0,0.0
redis,hash-pinned public Redis release-layer bytes,4,1,redulink-binary-quic-stream,524288,139634,524288,344.581,75.635,272.401,84.511,12.172186,3.241827,164355,253,0,0,0,True,72,72,13,reno,Linux tc/netem qdisc on loopback in an isolated network namespace,5.0,20.0,0.0
redis,hash-pinned public Redis release-layer bytes,4,2,raw-quic-stream,524288,524288,524288,1013.124,61.801,958.328,161.995,4.139971,4.139971,601177,939,0,0,0,True,0,0,13,reno,Linux tc/netem qdisc on loopback in an isolated network namespace,5.0,20.0,0.0
redis,hash-pinned public Redis release-layer bytes,5,1,raw-quic-stream,524288,524288,524288,1011.539,62.099,956.337,160.572,4.146458,4.146458,599868,922,0,0,0,True,0,0,13,reno,Linux tc/netem qdisc on loopback in an isolated network namespace,5.0,20.0,0.0
redis,hash-pinned public Redis release-layer bytes,5,2,redulink-binary-quic-stream,524288,139634,524288,345.625,75.955,273.285,86.231,12.135418,3.232035,164362,253,0,0,0,True,72,72,13,reno,Linux tc/netem qdisc on loopback in an isolated network namespace,5.0,20.0,0.0
redis,hash-pinned public Redis release-layer bytes,6,1,redulink-binary-quic-stream,524288,139634,524288,345.505,75.503,273.427,85.624,12.139633,3.233157,164355,253,0,0,0,True,72,72,13,reno,Linux tc/netem qdisc on loopback in an isolated network namespace,5.0,20.0,0.0
redis,hash-pinned public Redis release-layer bytes,6,2,raw-quic-stream,524288,524288,524288,1013.351,61.967,958.424,169.04,4.139044,4.139044,600876,935,0,0,0,True,0,0,13,reno,Linux tc/netem qdisc on loopback in an isolated network namespace,5.0,20.0,0.0
redis,hash-pinned public Redis release-layer bytes,7,1,raw-quic-stream,524288,524288,524288,1013.697,61.891,958.824,160.945,4.137631,4.137631,601331,941,0,0,0,True,0,0,13,reno,Linux tc/netem qdisc on loopback in an isolated network namespace,5.0,20.0,0.0
redis,hash-pinned public Redis release-layer bytes,7,2,redulink-binary-quic-stream,524288,139634,524288,344.267,75.567,272.275,84.106,12.183288,3.244784,164354,253,0,0,0,True,72,72,13,reno,Linux tc/netem qdisc on loopback in an isolated network namespace,5.0,20.0,0.0
redis,hash-pinned public Redis release-layer bytes,8,1,redulink-binary-quic-stream,524288,139634,524288,345.922,76.197,273.078,85.38,12.124999,3.22926,164362,253,0,0,0,True,72,72,13,reno,Linux tc/netem qdisc on loopback in an isolated network namespace,5.0,20.0,0.0
redis,hash-pinned public Redis release-layer bytes,8,2,raw-quic-stream,524288,524288,524288,1013.094,61.796,958.305,162.832,4.140094,4.140094,601176,939,0,0,0,True,0,0,13,reno,Linux tc/netem qdisc on loopback in an isolated network namespace,5.0,20.0,0.0
redis,hash-pinned public Redis release-layer bytes,9,1,raw-quic-stream,524288,524288,524288,1013.268,61.965,958.376,162.418,4.139383,4.139383,601177,939,0,0,0,True,0,0,13,reno,Linux tc/netem qdisc on loopback in an isolated network namespace,5.0,20.0,0.0
redis,hash-pinned public Redis release-layer bytes,9,2,redulink-binary-quic-stream,524288,139634,524288,345.187,75.534,273.048,84.367,12.150817,3.236136,164362,253,0,0,0,True,72,72,13,reno,Linux tc/netem qdisc on loopback in an isolated network namespace,5.0,20.0,0.0
redis,hash-pinned public Redis release-layer bytes,10,1,redulink-binary-quic-stream,524288,139634,524288,344.366,75.395,272.409,85.116,12.179785,3.243851,164355,253,0,0,0,True,72,72,13,reno,Linux tc/netem qdisc on loopback in an isolated network namespace,5.0,20.0,0.0
redis,hash-pinned public Redis release-layer bytes,10,2,raw-quic-stream,524288,524288,524288,1013.262,61.816,958.46,160.706,4.139407,4.139407,601251,940,0,0,0,True,0,0,13,reno,Linux tc/netem qdisc on loopback in an isolated network namespace,5.0,20.0,0.0
redis,hash-pinned public Redis release-layer bytes,11,1,raw-quic-stream,524288,524288,524288,1013.952,61.863,958.88,160.761,4.13659,4.13659,601328,941,0,0,0,True,0,0,13,reno,Linux tc/netem qdisc on loopback in an isolated network namespace,5.0,20.0,0.0
redis,hash-pinned public Redis release-layer bytes,11,2,redulink-binary-quic-stream,524288,139634,524288,345.774,76.127,272.994,85.099,12.130189,3.230642,164361,253,0,0,0,True,72,72,13,reno,Linux tc/netem qdisc on loopback in an isolated network namespace,5.0,20.0,0.0
redis,hash-pinned public Redis release-layer bytes,12,1,redulink-binary-quic-stream,524288,139634,524288,344.713,75.621,272.309,85.612,12.167525,3.240586,164354,253,0,0,0,True,72,72,13,reno,Linux tc/netem qdisc on loopback in an isolated network namespace,5.0,20.0,0.0
redis,hash-pinned public Redis release-layer bytes,12,2,raw-quic-stream,524288,524288,524288,1011.419,62.242,956.101,160.533,4.14695,4.14695,599791,921,0,0,0,True,0,0,13,reno,Linux tc/netem qdisc on loopback in an isolated network namespace,5.0,20.0,0.0
redis,hash-pinned public Redis release-layer bytes,13,1,raw-quic-stream,524288,524288,524288,1011.831,62.609,956.186,163.371,4.145261,4.145261,600026,924,0,0,0,True,0,0,13,reno,Linux tc/netem qdisc on loopback in an isolated network namespace,5.0,20.0,0.0
redis,hash-pinned public Redis release-layer bytes,13,2,redulink-binary-quic-stream,524288,139634,524288,344.399,75.581,272.43,85.253,12.178618,3.24354,164353,253,0,0,0,True,72,72,13,reno,Linux tc/netem qdisc on loopback in an isolated network namespace,5.0,20.0,0.0
redis,hash-pinned public Redis release-layer bytes,14,1,redulink-binary-quic-stream,524288,139634,524288,344.496,75.839,272.3,86.665,12.175189,3.242627,164350,253,0,0,0,True,72,72,13,reno,Linux tc/netem qdisc on loopback in an isolated network namespace,5.0,20.0,0.0
redis,hash-pinned public Redis release-layer bytes,14,2,raw-quic-stream,524288,524288,524288,1013.11,61.848,958.306,163.217,4.140028,4.140028,601177,939,0,0,0,True,0,0,13,reno,Linux tc/netem qdisc on loopback in an isolated network namespace,5.0,20.0,0.0
redis,hash-pinned public Redis release-layer bytes,15,1,raw-quic-stream,524288,524288,524288,1010.217,62.012,955.261,164.337,4.151884,4.151884,600100,925,0,0,0,True,0,0,13,reno,Linux tc/netem qdisc on loopback in an isolated network namespace,5.0,20.0,0.0
redis,hash-pinned public Redis release-layer bytes,15,2,redulink-binary-quic-stream,524288,139634,524288,345.157,76.297,272.234,87.594,12.151873,3.236417,164355,253,0,0,0,True,72,72,13,reno,Linux tc/netem qdisc on loopback in an isolated network namespace,5.0,20.0,0.0
redis,hash-pinned public Redis release-layer bytes,16,1,redulink-binary-quic-stream,524288,139634,524288,345.11,75.478,273.085,84.577,12.153528,3.236858,164362,253,0,0,0,True,72,72,13,reno,Linux tc/netem qdisc on loopback in an isolated network namespace,5.0,20.0,0.0
redis,hash-pinned public Redis release-layer bytes,16,2,raw-quic-stream,524288,524288,524288,1011.183,61.78,956.294,162.568,4.147918,4.147918,599868,922,0,0,0,True,0,0,13,reno,Linux tc/netem qdisc on loopback in an isolated network namespace,5.0,20.0,0.0
redis,hash-pinned public Redis release-layer bytes,17,1,raw-quic-stream,524288,524288,524288,1011.319,61.884,956.335,158.129,4.14736,4.14736,599868,922,0,0,0,True,0,0,13,reno,Linux tc/netem qdisc on loopback in an isolated network namespace,5.0,20.0,0.0
redis,hash-pinned public Redis release-layer bytes,17,2,redulink-binary-quic-stream,524288,139634,524288,345.033,75.423,273.116,84.589,12.15624,3.23758,164362,253,0,0,0,True,72,72,13,reno,Linux tc/netem qdisc on loopback in an isolated network namespace,5.0,20.0,0.0
redis,hash-pinned public Redis release-layer bytes,18,1,redulink-binary-quic-stream,524288,139634,524288,345.304,76.393,272.345,86.343,12.1467,3.235039,164354,253,0,0,0,True,72,72,13,reno,Linux tc/netem qdisc on loopback in an isolated network namespace,5.0,20.0,0.0
redis,hash-pinned public Redis release-layer bytes,18,2,raw-quic-stream,524288,524288,524288,1012.989,61.664,958.341,163.875,4.140523,4.140523,601177,939,0,0,0,True,0,0,13,reno,Linux tc/netem qdisc on loopback in an isolated network namespace,5.0,20.0,0.0
redis,hash-pinned public Redis release-layer bytes,19,1,raw-quic-stream,524288,524288,524288,1012.084,62.037,957.091,161.755,4.144225,4.144225,601175,939,0,0,0,True,0,0,13,reno,Linux tc/netem qdisc on loopback in an isolated network namespace,5.0,20.0,0.0
redis,hash-pinned public Redis release-layer bytes,19,2,redulink-binary-quic-stream,524288,139634,524288,345.238,75.558,272.883,85.15,12.149022,3.235658,164362,253,0,0,0,True,72,72,13,reno,Linux tc/netem qdisc on loopback in an isolated network namespace,5.0,20.0,0.0
redis,hash-pinned public Redis release-layer bytes,20,1,redulink-binary-quic-stream,524288,139634,524288,346.007,75.749,273.624,85.631,12.122021,3.228466,164362,253,0,0,0,True,72,72,13,reno,Linux tc/netem qdisc on loopback in an isolated network namespace,5.0,20.0,0.0
redis,hash-pinned public Redis release-layer bytes,20,2,raw-quic-stream,524288,524288,524288,1013.198,61.897,958.311,161.975,4.139669,4.139669,601177,939,0,0,0,True,0,0,13,reno,Linux tc/netem qdisc on loopback in an isolated network namespace,5.0,20.0,0.0
redis,hash-pinned public Redis release-layer bytes,1,1,raw-quic-stream,524288,524288,524288,1076.714,62.017,1021.666,165.138,3.895467,3.895467,601457,942,4,0,0,True,0,0,13,reno,Linux tc/netem qdisc on loopback in an isolated network namespace,5.0,20.0,0.5
redis,hash-pinned public Redis release-layer bytes,1,2,redulink-binary-quic-stream,524288,139634,524288,416.027,74.039,343.382,88.42,10.081807,2.685095,165412,266,2,0,0,True,72,72,13,reno,Linux tc/netem qdisc on loopback in an isolated network namespace,5.0,20.0,0.5
redis,hash-pinned public Redis release-layer bytes,2,1,redulink-binary-quic-stream,524288,139634,524288,344.741,75.464,272.586,85.351,12.166537,3.240322,164355,253,0,0,0,True,72,72,13,reno,Linux tc/netem qdisc on loopback in an isolated network namespace,5.0,20.0,0.5
redis,hash-pinned public Redis release-layer bytes,2,2,raw-quic-stream,524288,524288,524288,1059.962,61.937,1005.012,162.287,3.957032,3.957032,601116,937,6,0,0,True,0,0,13,reno,Linux tc/netem qdisc on loopback in an isolated network namespace,5.0,20.0,0.5
redis,hash-pinned public Redis release-layer bytes,3,1,raw-quic-stream,524288,524288,524288,1018.067,61.843,963.254,160.888,4.11987,4.11987,600828,934,5,0,0,True,0,0,13,reno,Linux tc/netem qdisc on loopback in an isolated network namespace,5.0,20.0,0.5
redis,hash-pinned public Redis release-layer bytes,3,2,redulink-binary-quic-stream,524288,139634,524288,374.64,75.718,302.417,86.101,11.195558,2.981721,165175,263,1,0,0,True,72,72,13,reno,Linux tc/netem qdisc on loopback in an isolated network namespace,5.0,20.0,0.5
redis,hash-pinned public Redis release-layer bytes,4,1,redulink-binary-quic-stream,524288,139634,524288,474.455,75.447,402.295,88.066,8.840257,2.354432,164591,256,3,0,0,True,72,72,13,reno,Linux tc/netem qdisc on loopback in an isolated network namespace,5.0,20.0,0.5
redis,hash-pinned public Redis release-layer bytes,4,2,raw-quic-stream,524288,524288,524288,1045.776,61.808,991.03,162.139,4.01071,4.01071,601357,941,5,0,0,True,0,0,13,reno,Linux tc/netem qdisc on loopback in an isolated network namespace,5.0,20.0,0.5
redis,hash-pinned public Redis release-layer bytes,5,1,raw-quic-stream,524288,524288,524288,1038.581,61.89,983.673,160.182,4.038495,4.038495,600125,925,3,0,0,True,0,0,13,reno,Linux tc/netem qdisc on loopback in an isolated network namespace,5.0,20.0,0.5
redis,hash-pinned public Redis release-layer bytes,5,2,redulink-binary-quic-stream,524288,139634,524288,350.252,75.742,277.909,86.133,11.975104,3.189338,164282,252,1,0,0,True,72,72,13,reno,Linux tc/netem qdisc on loopback in an isolated network namespace,5.0,20.0,0.5
redis,hash-pinned public Redis release-layer bytes,6,1,redulink-binary-quic-stream,524288,139634,524288,392.917,73.428,320.948,86.6,10.674784,2.843023,165087,262,1,0,0,True,72,72,13,reno,Linux tc/netem qdisc on loopback in an isolated network namespace,5.0,20.0,0.5
redis,hash-pinned public Redis release-layer bytes,6,2,raw-quic-stream,524288,524288,524288,1034.341,61.801,979.493,163.892,4.05505,4.05505,601815,945,6,0,0,True,0,0,13,reno,Linux tc/netem qdisc on loopback in an isolated network namespace,5.0,20.0,0.5
redis,hash-pinned public Redis release-layer bytes,7,1,raw-quic-stream,524288,524288,524288,1034.506,62.02,979.452,163.254,4.054403,4.054403,600075,923,7,0,0,True,0,0,13,reno,Linux tc/netem qdisc on loopback in an isolated network namespace,5.0,20.0,0.5
redis,hash-pinned public Redis release-layer bytes,7,2,redulink-binary-quic-stream,524288,139634,524288,364.915,75.461,292.665,86.257,11.493921,3.061184,164300,252,3,0,0,True,72,72,13,reno,Linux tc/netem qdisc on loopback in an isolated network namespace,5.0,20.0,0.5
redis,hash-pinned public Redis release-layer bytes,8,1,redulink-binary-quic-stream,524288,139634,524288,345.787,75.867,273.295,85.771,12.129733,3.230521,164285,252,1,0,0,True,72,72,13,reno,Linux tc/netem qdisc on loopback in an isolated network namespace,5.0,20.0,0.5
redis,hash-pinned public Redis release-layer bytes,8,2,raw-quic-stream,524288,524288,524288,1011.552,62.222,956.235,162.835,4.146405,4.146405,599792,921,1,0,0,True,0,0,13,reno,Linux tc/netem qdisc on loopback in an isolated network namespace,5.0,20.0,0.5
redis,hash-pinned public Redis release-layer bytes,9,1,raw-quic-stream,524288,524288,524288,1085.837,61.973,1030.81,165.728,3.862738,3.862738,602181,951,5,0,0,True,0,0,13,reno,Linux tc/netem qdisc on loopback in an isolated network namespace,5.0,20.0,0.5
redis,hash-pinned public Redis release-layer bytes,9,2,redulink-binary-quic-stream,524288,139634,524288,345.69,76.113,273.031,85.24,12.133137,3.231427,164287,252,1,0,0,True,72,72,13,reno,Linux tc/netem qdisc on loopback in an isolated network namespace,5.0,20.0,0.5
redis,hash-pinned public Redis release-layer bytes,10,1,redulink-binary-quic-stream,524288,139634,524288,363.471,75.748,290.881,85.597,11.539584,3.073346,164839,258,4,0,0,True,72,72,13,reno,Linux tc/netem qdisc on loopback in an isolated network namespace,5.0,20.0,0.5
redis,hash-pinned public Redis release-layer bytes,10,2,raw-quic-stream,524288,524288,524288,1044.215,61.925,989.268,162.669,4.016705,4.016705,601610,944,3,0,0,True,0,0,13,reno,Linux tc/netem qdisc on loopback in an isolated network namespace,5.0,20.0,0.5
redis,hash-pinned public Redis release-layer bytes,11,1,raw-quic-stream,524288,524288,524288,1096.512,61.89,1041.448,162.422,3.825133,3.825133,600244,926,6,0,0,True,0,0,13,reno,Linux tc/netem qdisc on loopback in an isolated network namespace,5.0,20.0,0.5
redis,hash-pinned public Redis release-layer bytes,11,2,redulink-binary-quic-stream,524288,139634,524288,348.082,76.703,274.693,86.609,12.049758,3.209221,164205,251,2,0,0,True,72,72,13,reno,Linux tc/netem qdisc on loopback in an isolated network namespace,5.0,20.0,0.5
redis,hash-pinned public Redis release-layer bytes,12,1,redulink-binary-quic-stream,524288,139634,524288,345.515,75.818,273.169,85.845,12.139282,3.233064,164362,253,0,0,0,True,72,72,13,reno,Linux tc/netem qdisc on loopback in an isolated network namespace,5.0,20.0,0.5
redis,hash-pinned public Redis release-layer bytes,12,2,raw-quic-stream,524288,524288,524288,1024.252,61.791,969.504,162.15,4.094992,4.094992,602537,956,3,0,0,True,0,0,13,reno,Linux tc/netem qdisc on loopback in an isolated network namespace,5.0,20.0,0.5
redis,hash-pinned public Redis release-layer bytes,13,1,raw-quic-stream,524288,524288,524288,1030.162,62.05,975.36,159.444,4.071499,4.071499,600440,929,2,0,0,True,0,0,13,reno,Linux tc/netem qdisc on loopback in an isolated network namespace,5.0,20.0,0.5
redis,hash-pinned public Redis release-layer bytes,13,2,redulink-binary-quic-stream,524288,139634,524288,360.468,75.815,287.881,85.796,11.635718,3.098949,164698,257,2,0,0,True,72,72,13,reno,Linux tc/netem qdisc on loopback in an isolated network namespace,5.0,20.0,0.5
redis,hash-pinned public Redis release-layer bytes,14,1,redulink-binary-quic-stream,524288,139634,524288,353.29,76.404,280.206,93.775,11.872128,3.161912,164209,251,2,0,0,True,72,72,13,reno,Linux tc/netem qdisc on loopback in an isolated network namespace,5.0,20.0,0.5
redis,hash-pinned public Redis release-layer bytes,14,2,raw-quic-stream,524288,524288,524288,1022.766,61.987,967.73,162.535,4.100942,4.100942,601956,949,3,0,0,True,0,0,13,reno,Linux tc/netem qdisc on loopback in an isolated network namespace,5.0,20.0,0.5
redis,hash-pinned public Redis release-layer bytes,15,1,raw-quic-stream,524288,524288,524288,1029.598,62.106,974.572,160.082,4.07373,4.07373,600384,928,3,0,0,True,0,0,13,reno,Linux tc/netem qdisc on loopback in an isolated network namespace,5.0,20.0,0.5
redis,hash-pinned public Redis release-layer bytes,15,2,redulink-binary-quic-stream,524288,139634,524288,344.417,75.844,272.117,84.973,12.177982,3.243371,164279,252,1,0,0,True,72,72,13,reno,Linux tc/netem qdisc on loopback in an isolated network namespace,5.0,20.0,0.5
redis,hash-pinned public Redis release-layer bytes,16,1,redulink-binary-quic-stream,524288,139634,524288,344.959,75.373,272.922,85.296,12.158848,3.238275,164431,254,0,0,0,True,72,72,13,reno,Linux tc/netem qdisc on loopback in an isolated network namespace,5.0,20.0,0.5
redis,hash-pinned public Redis release-layer bytes,16,2,raw-quic-stream,524288,524288,524288,1041.957,61.745,986.781,161.925,4.02541,4.02541,600235,925,6,0,0,True,0,0,13,reno,Linux tc/netem qdisc on loopback in an isolated network namespace,5.0,20.0,0.5
redis,hash-pinned public Redis release-layer bytes,17,1,raw-quic-stream,524288,524288,524288,1016.817,62.001,961.809,161.771,4.124935,4.124935,601706,945,4,0,0,True,0,0,13,reno,Linux tc/netem qdisc on loopback in an isolated network namespace,5.0,20.0,0.5
redis,hash-pinned public Redis release-layer bytes,17,2,redulink-binary-quic-stream,524288,139634,524288,345.217,75.639,273.011,84.332,12.149761,3.235855,164360,253,1,0,0,True,72,72,13,reno,Linux tc/netem qdisc on loopback in an isolated network namespace,5.0,20.0,0.5
redis,hash-pinned public Redis release-layer bytes,18,1,redulink-binary-quic-stream,524288,139634,524288,344.316,75.414,272.102,85.197,12.181554,3.244322,164423,254,0,0,0,True,72,72,13,reno,Linux tc/netem qdisc on loopback in an isolated network namespace,5.0,20.0,0.5
redis,hash-pinned public Redis release-layer bytes,18,2,raw-quic-stream,524288,524288,524288,1041.964,62.264,986.68,158.252,4.025383,4.025383,600116,924,6,0,0,True,0,0,13,reno,Linux tc/netem qdisc on loopback in an isolated network namespace,5.0,20.0,0.5
redis,hash-pinned public Redis release-layer bytes,19,1,raw-quic-stream,524288,524288,524288,1101.085,61.851,1046.249,163.272,3.809246,3.809246,601624,944,5,0,0,True,0,0,13,reno,Linux tc/netem qdisc on loopback in an isolated network namespace,5.0,20.0,0.5
redis,hash-pinned public Redis release-layer bytes,19,2,redulink-binary-quic-stream,524288,139634,524288,344.39,75.566,272.182,84.555,12.178937,3.243625,164354,253,0,0,0,True,72,72,13,reno,Linux tc/netem qdisc on loopback in an isolated network namespace,5.0,20.0,0.5
redis,hash-pinned public Redis release-layer bytes,20,1,redulink-binary-quic-stream,524288,139634,524288,360.502,75.796,288.31,85.608,11.634621,3.098657,164438,254,1,0,0,True,72,72,13,reno,Linux tc/netem qdisc on loopback in an isolated network namespace,5.0,20.0,0.5
redis,hash-pinned public Redis release-layer bytes,20,2,raw-quic-stream,524288,524288,524288,1040.112,61.847,985.25,159.843,4.03255,4.03255,600495,929,6,0,0,True,0,0,13,reno,Linux tc/netem qdisc on loopback in an isolated network namespace,5.0,20.0,0.5
redis,hash-pinned public Redis release-layer bytes,1,1,raw-quic-stream,524288,524288,524288,1240.049,175.987,1064.799,160.74,3.38237,3.38237,599797,921,0,0,0,True,0,0,13,reno,Linux tc/netem qdisc on loopback in an isolated network namespace,5.0,80.0,0.0
redis,hash-pinned public Redis release-layer bytes,1,2,redulink-binary-quic-stream,524288,139634,524288,651.478,191.442,458.374,90.779,6.438136,1.714673,164721,258,0,0,0,True,72,72,13,reno,Linux tc/netem qdisc on loopback in an isolated network namespace,5.0,80.0,0.0
redis,hash-pinned public Redis release-layer bytes,2,1,redulink-binary-quic-stream,524288,139634,524288,646.931,191.46,453.78,90.081,6.483387,1.726725,164720,258,0,0,0,True,72,72,13,reno,Linux tc/netem qdisc on loopback in an isolated network namespace,5.0,80.0,0.0
redis,hash-pinned public Redis release-layer bytes,2,2,raw-quic-stream,524288,524288,524288,1239.615,175.741,1064.863,159.466,3.383554,3.383554,599797,921,0,0,0,True,0,0,13,reno,Linux tc/netem qdisc on loopback in an isolated network namespace,5.0,80.0,0.0
redis,hash-pinned public Redis release-layer bytes,3,1,raw-quic-stream,524288,524288,524288,1237.769,176.611,1062.074,161.749,3.3886,3.3886,599720,920,0,0,0,True,0,0,13,reno,Linux tc/netem qdisc on loopback in an isolated network namespace,5.0,80.0,0.0
redis,hash-pinned public Redis release-layer bytes,3,2,redulink-binary-quic-stream,524288,139634,524288,646.443,190.449,454.496,89.228,6.488281,1.728029,164720,258,0,0,0,True,72,72,13,reno,Linux tc/netem qdisc on loopback in an isolated network namespace,5.0,80.0,0.0
redis,hash-pinned public Redis release-layer bytes,4,1,redulink-binary-quic-stream,524288,139634,524288,651.984,191.111,459.173,89.557,6.433139,1.713343,164722,258,0,0,0,True,72,72,13,reno,Linux tc/netem qdisc on loopback in an isolated network namespace,5.0,80.0,0.0
redis,hash-pinned public Redis release-layer bytes,4,2,raw-quic-stream,524288,524288,524288,1238.432,176.209,1063.069,160.64,3.386786,3.386786,599720,920,0,0,0,True,0,0,13,reno,Linux tc/netem qdisc on loopback in an isolated network namespace,5.0,80.0,0.0
redis,hash-pinned public Redis release-layer bytes,5,1,raw-quic-stream,524288,524288,524288,1235.23,176.123,1059.952,160.848,3.395565,3.395565,599798,921,0,0,0,True,0,0,13,reno,Linux tc/netem qdisc on loopback in an isolated network namespace,5.0,80.0,0.0
redis,hash-pinned public Redis release-layer bytes,5,2,redulink-binary-quic-stream,524288,139634,524288,646.993,191.158,454.183,90.119,6.482766,1.72656,164720,258,0,0,0,True,72,72,13,reno,Linux tc/netem qdisc on loopback in an isolated network namespace,5.0,80.0,0.0
redis,hash-pinned public Redis release-layer bytes,6,1,redulink-binary-quic-stream,524288,139634,524288,650.679,190.705,458.292,89.86,6.446042,1.716779,164722,258,0,0,0,True,72,72,13,reno,Linux tc/netem qdisc on loopback in an isolated network namespace,5.0,80.0,0.0
redis,hash-pinned public Redis release-layer bytes,6,2,raw-quic-stream,524288,524288,524288,1240.077,175.671,1065.26,161.686,3.382293,3.382293,599717,920,0,0,0,True,0,0,13,reno,Linux tc/netem qdisc on loopback in an isolated network namespace,5.0,80.0,0.0
redis,hash-pinned public Redis release-layer bytes,7,1,raw-quic-stream,524288,524288,524288,1234.605,175.658,1059.96,160.401,3.397284,3.397284,599796,921,0,0,0,True,0,0,13,reno,Linux tc/netem qdisc on loopback in an isolated network namespace,5.0,80.0,0.0
redis,hash-pinned public Redis release-layer bytes,7,2,redulink-binary-quic-stream,524288,139634,524288,647.015,190.734,454.695,89.517,6.482545,1.726501,164720,258,0,0,0,True,72,72,13,reno,Linux tc/netem qdisc on loopback in an isolated network namespace,5.0,80.0,0.0
redis,hash-pinned public Redis release-layer bytes,8,1,redulink-binary-quic-stream,524288,139634,524288,650.605,190.59,458.274,89.668,6.446775,1.716974,164722,258,0,0,0,True,72,72,13,reno,Linux tc/netem qdisc on loopback in an isolated network namespace,5.0,80.0,0.0
redis,hash-pinned public Redis release-layer bytes,8,2,raw-quic-stream,524288,524288,524288,1239.935,175.994,1064.934,160.597,3.382681,3.382681,599797,921,0,0,0,True,0,0,13,reno,Linux tc/netem qdisc on loopback in an isolated network namespace,5.0,80.0,0.0
redis,hash-pinned public Redis release-layer bytes,9,1,raw-quic-stream,524288,524288,524288,1239.711,175.723,1064.86,160.786,3.383292,3.383292,599795,921,0,0,0,True,0,0,13,reno,Linux tc/netem qdisc on loopback in an isolated network namespace,5.0,80.0,0.0
redis,hash-pinned public Redis release-layer bytes,9,2,redulink-binary-quic-stream,524288,139634,524288,646.63,190.427,454.527,90.322,6.486405,1.727529,164721,258,0,0,0,True,72,72,13,reno,Linux tc/netem qdisc on loopback in an isolated network namespace,5.0,80.0,0.0
redis,hash-pinned public Redis release-layer bytes,10,1,redulink-binary-quic-stream,524288,139634,524288,650.095,190.251,458.177,89.627,6.451832,1.718321,164722,258,0,0,0,True,72,72,13,reno,Linux tc/netem qdisc on loopback in an isolated network namespace,5.0,80.0,0.0
redis,hash-pinned public Redis release-layer bytes,10,2,raw-quic-stream,524288,524288,524288,1235.054,175.685,1060.263,164.697,3.396049,3.396049,599798,921,0,0,0,True,0,0,13,reno,Linux tc/netem qdisc on loopback in an isolated network namespace,5.0,80.0,0.0
redis,hash-pinned public Redis release-layer bytes,11,1,raw-quic-stream,524288,524288,524288,1240.189,175.709,1065.32,168.586,3.381988,3.381988,599717,920,0,0,0,True,0,0,13,reno,Linux tc/netem qdisc on loopback in an isolated network namespace,5.0,80.0,0.0
redis,hash-pinned public Redis release-layer bytes,11,2,redulink-binary-quic-stream,524288,139634,524288,646.63,190.365,454.599,89.6,6.486405,1.727529,164722,258,0,0,0,True,72,72,13,reno,Linux tc/netem qdisc on loopback in an isolated network namespace,5.0,80.0,0.0
redis,hash-pinned public Redis release-layer bytes,12,1,redulink-binary-quic-stream,524288,139634,524288,650.135,190.314,458.326,89.778,6.451435,1.718215,164720,258,0,0,0,True,72,72,13,reno,Linux tc/netem qdisc on loopback in an isolated network namespace,5.0,80.0,0.0
redis,hash-pinned public Redis release-layer bytes,12,2,raw-quic-stream,524288,524288,524288,1237.932,175.8,1063.007,160.316,3.388154,3.388154,599719,920,0,0,0,True,0,0,13,reno,Linux tc/netem qdisc on loopback in an isolated network namespace,5.0,80.0,0.0
redis,hash-pinned public Redis release-layer bytes,13,1,raw-quic-stream,524288,524288,524288,1240.207,176.034,1065.053,160.356,3.381939,3.381939,599641,919,0,0,0,True,0,0,13,reno,Linux tc/netem qdisc on loopback in an isolated network namespace,5.0,80.0,0.0
redis,hash-pinned public Redis release-layer bytes,13,2,redulink-binary-quic-stream,524288,139634,524288,647.261,190.107,455.53,89.126,6.480081,1.725845,164720,258,0,0,0,True,72,72,13,reno,Linux tc/netem qdisc on loopback in an isolated network namespace,5.0,80.0,0.0
redis,hash-pinned public Redis release-layer bytes,14,1,redulink-binary-quic-stream,524288,139634,524288,650.947,189.977,459.326,88.684,6.443388,1.716072,164722,258,0,0,0,True,72,72,13,reno,Linux tc/netem qdisc on loopback in an isolated network namespace,5.0,80.0,0.0
redis,hash-pinned public Redis release-layer bytes,14,2,raw-quic-stream,524288,524288,524288,1237.903,175.712,1063.091,159.445,3.388233,3.388233,599719,920,0,0,0,True,0,0,13,reno,Linux tc/netem qdisc on loopback in an isolated network namespace,5.0,80.0,0.0
redis,hash-pinned public Redis release-layer bytes,15,1,raw-quic-stream,524288,524288,524288,1239.873,175.858,1064.831,159.878,3.38285,3.38285,599797,921,0,0,0,True,0,0,13,reno,Linux tc/netem qdisc on loopback in an isolated network namespace,5.0,80.0,0.0
redis,hash-pinned public Redis release-layer bytes,15,2,redulink-binary-quic-stream,524288,139634,524288,646.942,190.457,454.879,90.906,6.483277,1.726696,164721,258,0,0,0,True,72,72,13,reno,Linux tc/netem qdisc on loopback in an isolated network namespace,5.0,80.0,0.0
redis,hash-pinned public Redis release-layer bytes,16,1,redulink-binary-quic-stream,524288,139634,524288,650.489,190.469,458.335,90.32,6.447925,1.71728,164722,258,0,0,0,True,72,72,13,reno,Linux tc/netem qdisc on loopback in an isolated network namespace,5.0,80.0,0.0
redis,hash-pinned public Redis release-layer bytes,16,2,raw-quic-stream,524288,524288,524288,1239.907,175.792,1064.975,161.637,3.382757,3.382757,599797,921,0,0,0,True,0,0,13,reno,Linux tc/netem qdisc on loopback in an isolated network namespace,5.0,80.0,0.0
redis,hash-pinned public Redis release-layer bytes,17,1,raw-quic-stream,524288,524288,524288,1238.024,175.806,1063.129,161.943,3.387902,3.387902,599719,920,0,0,0,True,0,0,13,reno,Linux tc/netem qdisc on loopback in an isolated network namespace,5.0,80.0,0.0
redis,hash-pinned public Redis release-layer bytes,17,2,redulink-binary-quic-stream,524288,139634,524288,646.65,190.593,454.378,91.514,6.486204,1.727475,164721,258,0,0,0,True,72,72,13,reno,Linux tc/netem qdisc on loopback in an isolated network namespace,5.0,80.0,0.0
redis,hash-pinned public Redis release-layer bytes,18,1,redulink-binary-quic-stream,524288,139634,524288,657.05,190.185,465.154,90.348,6.383539,1.700132,164728,258,0,0,0,True,72,72,13,reno,Linux tc/netem qdisc on loopback in an isolated network namespace,5.0,80.0,0.0
redis,hash-pinned public Redis release-layer bytes,18,2,raw-quic-stream,524288,524288,524288,1239.943,175.854,1064.949,163.268,3.382659,3.382659,599797,921,0,0,0,True,0,0,13,reno,Linux tc/netem qdisc on loopback in an isolated network namespace,5.0,80.0,0.0
redis,hash-pinned public Redis release-layer bytes,19,1,raw-quic-stream,524288,524288,524288,1239.932,175.822,1065.006,160.095,3.382689,3.382689,599797,921,0,0,0,True,0,0,13,reno,Linux tc/netem qdisc on loopback in an isolated network namespace,5.0,80.0,0.0
redis,hash-pinned public Redis release-layer bytes,19,2,redulink-binary-quic-stream,524288,139634,524288,646.726,190.595,454.485,90.396,6.485442,1.727272,164721,258,0,0,0,True,72,72,13,reno,Linux tc/netem qdisc on loopback in an isolated network namespace,5.0,80.0,0.0
redis,hash-pinned public Redis release-layer bytes,20,1,redulink-binary-quic-stream,524288,139634,524288,646.679,190.289,454.628,90.386,6.485913,1.727398,164721,258,0,0,0,True,72,72,13,reno,Linux tc/netem qdisc on loopback in an isolated network namespace,5.0,80.0,0.0
redis,hash-pinned public Redis release-layer bytes,20,2,raw-quic-stream,524288,524288,524288,1237.18,175.566,1062.569,169.065,3.390213,3.390213,599409,916,0,0,0,True,0,0,13,reno,Linux tc/netem qdisc on loopback in an isolated network namespace,5.0,80.0,0.0
redis,hash-pinned public Redis release-layer bytes,1,1,raw-quic-stream,524288,524288,524288,1386.49,175.912,1211.451,163.247,3.025124,3.025124,600803,928,11,0,0,True,0,0,13,reno,Linux tc/netem qdisc on loopback in an isolated network namespace,5.0,80.0,0.5
redis,hash-pinned public Redis release-layer bytes,1,2,redulink-binary-quic-stream,524288,139634,524288,646.544,190.332,454.471,89.684,6.487268,1.727759,164643,257,1,0,0,True,72,72,13,reno,Linux tc/netem qdisc on loopback in an isolated network namespace,5.0,80.0,0.5
redis,hash-pinned public Redis release-layer bytes,2,1,redulink-binary-quic-stream,524288,139634,524288,648.633,190.542,456.413,88.264,6.466375,1.722194,165152,262,2,0,0,True,72,72,13,reno,Linux tc/netem qdisc on loopback in an isolated network namespace,5.0,80.0,0.5
redis,hash-pinned public Redis release-layer bytes,2,2,raw-quic-stream,524288,524288,524288,2332.839,175.761,2157.922,187.141,1.79794,1.79794,602503,956,4,0,0,True,0,0,13,reno,Linux tc/netem qdisc on loopback in an isolated network namespace,5.0,80.0,0.5
redis,hash-pinned public Redis release-layer bytes,3,1,raw-quic-stream,524288,524288,524288,1611.677,175.813,1436.709,168.181,2.602447,2.602447,601952,943,7,0,0,True,0,0,13,reno,Linux tc/netem qdisc on loopback in an isolated network namespace,5.0,80.0,0.5
redis,hash-pinned public Redis release-layer bytes,3,2,redulink-binary-quic-stream,524288,139634,524288,1130.873,190.396,938.77,98.14,3.708908,0.987796,165750,271,1,0,0,True,72,72,13,reno,Linux tc/netem qdisc on loopback in an isolated network namespace,5.0,80.0,0.5
redis,hash-pinned public Redis release-layer bytes,4,1,redulink-binary-quic-stream,524288,139634,524288,649.983,190.346,457.992,89.437,6.452944,1.718617,164721,258,0,0,0,True,72,72,13,reno,Linux tc/netem qdisc on loopback in an isolated network namespace,5.0,80.0,0.5
redis,hash-pinned public Redis release-layer bytes,4,2,raw-quic-stream,524288,524288,524288,1386.899,175.763,1212.129,164.408,3.024232,3.024232,601625,942,2,0,0,True,0,0,13,reno,Linux tc/netem qdisc on loopback in an isolated network namespace,5.0,80.0,0.5
redis,hash-pinned public Redis release-layer bytes,5,1,raw-quic-stream,524288,524288,524288,1258.344,175.837,1083.191,160.648,3.333193,3.333193,599974,922,3,0,0,True,0,0,13,reno,Linux tc/netem qdisc on loopback in an isolated network namespace,5.0,80.0,0.5
redis,hash-pinned public Redis release-layer bytes,5,2,redulink-binary-quic-stream,524288,139634,524288,646.598,190.402,454.558,90.272,6.486726,1.727614,164643,257,1,0,0,True,72,72,13,reno,Linux tc/netem qdisc on loopback in an isolated network namespace,5.0,80.0,0.5
redis,hash-pinned public Redis release-layer bytes,6,1,redulink-binary-quic-stream,524288,139634,524288,652.457,190.427,460.5,89.725,6.428476,1.712101,165348,264,2,0,0,True,72,72,13,reno,Linux tc/netem qdisc on loopback in an isolated network namespace,5.0,80.0,0.5
redis,hash-pinned public Redis release-layer bytes,6,2,raw-quic-stream,524288,524288,524288,1771.648,271.126,1329.665,163.79,2.367459,2.367459,600947,932,8,0,0,True,0,0,13,reno,Linux tc/netem qdisc on loopback in an isolated network namespace,5.0,80.0,0.5
redis,hash-pinned public Redis release-layer bytes,7,1,raw-quic-stream,524288,524288,524288,1246.169,175.136,1070.836,160.381,3.365759,3.365759,599836,920,5,0,0,True,0,0,13,reno,Linux tc/netem qdisc on loopback in an isolated network namespace,5.0,80.0,0.5
redis,hash-pinned public Redis release-layer bytes,7,2,redulink-binary-quic-stream,524288,139634,524288,648.31,190.556,456.023,90.166,6.469596,1.723052,164422,254,2,0,0,True,72,72,13,reno,Linux tc/netem qdisc on loopback in an isolated network namespace,5.0,80.0,0.5
redis,hash-pinned public Redis release-layer bytes,8,1,redulink-binary-quic-stream,524288,139634,524288,838.216,190.31,646.203,91.629,5.003846,1.332678,165318,265,1,0,0,True,72,72,13,reno,Linux tc/netem qdisc on loopback in an isolated network namespace,5.0,80.0,0.5
redis,hash-pinned public Redis release-layer bytes,8,2,raw-quic-stream,524288,524288,524288,1293.287,175.602,1118.629,163.998,3.243135,3.243135,600809,931,4,0,0,True,0,0,13,reno,Linux tc/netem qdisc on loopback in an isolated network namespace,5.0,80.0,0.5
redis,hash-pinned public Redis release-layer bytes,9,1,raw-quic-stream,524288,524288,524288,1378.038,175.743,1203.044,166.083,3.043678,3.043678,601697,942,8,0,0,True,0,0,13,reno,Linux tc/netem qdisc on loopback in an isolated network namespace,5.0,80.0,0.5
redis,hash-pinned public Redis release-layer bytes,9,2,redulink-binary-quic-stream,524288,139634,524288,646.755,190.533,454.522,89.322,6.485151,1.727195,164644,257,1,0,0,True,72,72,13,reno,Linux tc/netem qdisc on loopback in an isolated network namespace,5.0,80.0,0.5
redis,hash-pinned public Redis release-layer bytes,10,1,redulink-binary-quic-stream,524288,139634,524288,765.961,190.186,574.194,89.39,5.475871,1.458393,164753,258,3,0,0,True,72,72,13,reno,Linux tc/netem qdisc on loopback in an isolated network namespace,5.0,80.0,0.5
redis,hash-pinned public Redis release-layer bytes,10,2,raw-quic-stream,524288,524288,524288,2109.766,175.849,1934.871,182.237,1.988042,1.988042,604871,982,10,0,0,True,0,0,13,reno,Linux tc/netem qdisc on loopback in an isolated network namespace,5.0,80.0,0.5
redis,hash-pinned public Redis release-layer bytes,11,1,raw-quic-stream,524288,524288,524288,1387.995,175.806,1212.998,163.669,3.021844,3.021844,601093,934,5,0,0,True,0,0,13,reno,Linux tc/netem qdisc on loopback in an isolated network namespace,5.0,80.0,0.5
redis,hash-pinned public Redis release-layer bytes,11,2,redulink-binary-quic-stream,524288,139634,524288,646.788,190.579,454.557,89.005,6.48482,1.727107,164720,258,0,0,0,True,72,72,13,reno,Linux tc/netem qdisc on loopback in an isolated network namespace,5.0,80.0,0.5
redis,hash-pinned public Redis release-layer bytes,12,1,redulink-binary-quic-stream,524288,139634,524288,1444.227,391.083,1051.533,103.836,2.904186,0.773474,164868,260,2,0,0,True,72,72,13,reno,Linux tc/netem qdisc on loopback in an isolated network namespace,5.0,80.0,0.5
redis,hash-pinned public Redis release-layer bytes,12,2,raw-quic-stream,524288,524288,524288,1402.517,175.896,1227.575,164.228,2.990555,2.990555,601111,935,3,0,0,True,0,0,13,reno,Linux tc/netem qdisc on loopback in an isolated network namespace,5.0,80.0,0.5
redis,hash-pinned public Redis release-layer bytes,13,1,raw-quic-stream,524288,524288,524288,1380.044,175.906,1204.808,162.272,3.039254,3.039254,600348,925,5,0,0,True,0,0,13,reno,Linux tc/netem qdisc on loopback in an isolated network namespace,5.0,80.0,0.5
redis,hash-pinned public Redis release-layer bytes,13,2,redulink-binary-quic-stream,524288,139634,524288,724.366,190.585,531.945,90.78,5.79031,1.542138,165111,262,2,0,0,True,72,72,13,reno,Linux tc/netem qdisc on loopback in an isolated network namespace,5.0,80.0,0.5
redis,hash-pinned public Redis release-layer bytes,14,1,redulink-binary-quic-stream,524288,139634,524288,648.867,190.407,456.944,88.927,6.464043,1.721573,164916,259,3,0,0,True,72,72,13,reno,Linux tc/netem qdisc on loopback in an isolated network namespace,5.0,80.0,0.5
redis,hash-pinned public Redis release-layer bytes,14,2,raw-quic-stream,524288,524288,524288,3205.23,175.693,3030.29,203.861,1.308581,1.308581,603419,967,9,0,0,True,0,0,13,reno,Linux tc/netem qdisc on loopback in an isolated network namespace,5.0,80.0,0.5
redis,hash-pinned public Redis release-layer bytes,15,1,raw-quic-stream,524288,524288,524288,1239.344,175.74,1064.577,159.611,3.384294,3.384294,599566,918,3,0,0,True,0,0,13,reno,Linux tc/netem qdisc on loopback in an isolated network namespace,5.0,80.0,0.5
redis,hash-pinned public Redis release-layer bytes,15,2,redulink-binary-quic-stream,524288,139634,524288,646.491,190.333,454.514,89.125,6.4878,1.7279,164720,258,0,0,0,True,72,72,13,reno,Linux tc/netem qdisc on loopback in an isolated network namespace,5.0,80.0,0.5
redis,hash-pinned public Redis release-layer bytes,16,1,redulink-binary-quic-stream,524288,139634,524288,882.32,190.231,455.631,90.783,4.753722,1.266062,164872,260,1,0,0,True,72,72,13,reno,Linux tc/netem qdisc on loopback in an isolated network namespace,5.0,80.0,0.5
redis,hash-pinned public Redis release-layer bytes,16,2,raw-quic-stream,524288,524288,524288,1349.042,175.709,1174.095,164.058,3.109098,3.109098,601144,936,2,0,0,True,0,0,13,reno,Linux tc/netem qdisc on loopback in an isolated network namespace,5.0,80.0,0.5
redis,hash-pinned public Redis release-layer bytes,17,1,raw-quic-stream,524288,524288,524288,1336.951,175.925,1161.98,166.356,3.137216,3.137216,600916,933,3,0,0,True,0,0,13,reno,Linux tc/netem qdisc on loopback in an isolated network namespace,5.0,80.0,0.5
redis,hash-pinned public Redis release-layer bytes,17,2,redulink-binary-quic-stream,524288,139634,524288,646.765,190.531,454.604,90.143,6.485051,1.727168,164722,258,0,0,0,True,72,72,13,reno,Linux tc/netem qdisc on loopback in an isolated network namespace,5.0,80.0,0.5
redis,hash-pinned public Redis release-layer bytes,18,1,redulink-binary-quic-stream,524288,139634,524288,651.299,190.339,459.268,89.463,6.439905,1.715145,165028,261,1,0,0,True,72,72,13,reno,Linux tc/netem qdisc on loopback in an isolated network namespace,5.0,80.0,0.5
redis,hash-pinned public Redis release-layer bytes,18,2,raw-quic-stream,524288,524288,524288,1474.881,175.596,1299.921,163.479,2.843825,2.843825,600688,929,5,0,0,True,0,0,13,reno,Linux tc/netem qdisc on loopback in an isolated network namespace,5.0,80.0,0.5
redis,hash-pinned public Redis release-layer bytes,19,1,raw-quic-stream,524288,524288,524288,1361.848,175.88,1186.919,166.034,3.079862,3.079862,601320,937,6,0,0,True,0,0,13,reno,Linux tc/netem qdisc on loopback in an isolated network namespace,5.0,80.0,0.5
redis,hash-pinned public Redis release-layer bytes,19,2,redulink-binary-quic-stream,524288,139634,524288,650.332,190.382,458.275,89.589,6.449481,1.717695,164645,257,1,0,0,True,72,72,13,reno,Linux tc/netem qdisc on loopback in an isolated network namespace,5.0,80.0,0.5
redis,hash-pinned public Redis release-layer bytes,20,1,redulink-binary-quic-stream,524288,139634,524288,803.336,190.423,611.241,92.263,5.221108,1.390541,165539,268,1,0,0,True,72,72,13,reno,Linux tc/netem qdisc on loopback in an isolated network namespace,5.0,80.0,0.5
redis,hash-pinned public Redis release-layer bytes,20,2,raw-quic-stream,524288,524288,524288,2365.167,173.85,2190.24,183.261,1.773365,1.773365,601459,942,7,0,0,True,0,0,13,reno,Linux tc/netem qdisc on loopback in an isolated network namespace,5.0,80.0,0.5
redis,hash-pinned public Redis release-layer bytes,1,1,raw-quic-stream,524288,524288,524288,307.051,48.289,258.156,93.679,13.659959,13.659959,577012,626,0,0,0,True,0,0,13,reno,Linux tc/netem qdisc on loopback in an isolated network namespace,20.0,20.0,0.0
redis,hash-pinned public Redis release-layer bytes,1,2,redulink-binary-quic-stream,524288,139634,524288,184.393,65.712,118.585,69.186,22.746547,6.058104,158871,181,0,0,0,True,72,72,13,reno,Linux tc/netem qdisc on loopback in an isolated network namespace,20.0,20.0,0.0
redis,hash-pinned public Redis release-layer bytes,2,1,redulink-binary-quic-stream,524288,139634,524288,185.047,66.682,118.273,70.177,22.666155,6.036693,158874,181,0,0,0,True,72,72,13,reno,Linux tc/netem qdisc on loopback in an isolated network namespace,20.0,20.0,0.0
redis,hash-pinned public Redis release-layer bytes,2,2,raw-quic-stream,524288,524288,524288,306.896,48.123,258.212,93.665,13.666858,13.666858,577230,629,0,0,0,True,0,0,13,reno,Linux tc/netem qdisc on loopback in an isolated network namespace,20.0,20.0,0.0
redis,hash-pinned public Redis release-layer bytes,3,1,raw-quic-stream,524288,524288,524288,306.412,47.901,257.982,93.323,13.688446,13.688446,577003,626,0,0,0,True,0,0,13,reno,Linux tc/netem qdisc on loopback in an isolated network namespace,20.0,20.0,0.0
redis,hash-pinned public Redis release-layer bytes,3,2,redulink-binary-quic-stream,524288,139634,524288,184.453,65.773,118.588,69.319,22.739148,6.056134,158873,181,0,0,0,True,72,72,13,reno,Linux tc/netem qdisc on loopback in an isolated network namespace,20.0,20.0,0.0
redis,hash-pinned public Redis release-layer bytes,4,1,redulink-binary-quic-stream,524288,139634,524288,183.662,65.483,118.074,68.902,22.837081,6.082216,158947,182,0,0,0,True,72,72,13,reno,Linux tc/netem qdisc on loopback in an isolated network namespace,20.0,20.0,0.0
redis,hash-pinned public Redis release-layer bytes,4,2,raw-quic-stream,524288,524288,524288,306.56,47.872,258.115,92.324,13.681837,13.681837,577084,627,0,0,0,True,0,0,13,reno,Linux tc/netem qdisc on loopback in an isolated network namespace,20.0,20.0,0.0
redis,hash-pinned public Redis release-layer bytes,5,1,raw-quic-stream,524288,524288,524288,306.56,48.238,257.919,93.754,13.681837,13.681837,577003,626,0,0,0,True,0,0,13,reno,Linux tc/netem qdisc on loopback in an isolated network namespace,20.0,20.0,0.0
redis,hash-pinned public Redis release-layer bytes,5,2,redulink-binary-quic-stream,524288,139634,524288,184.545,66.047,118.305,69.717,22.727812,6.053114,158871,181,0,0,0,True,72,72,13,reno,Linux tc/netem qdisc on loopback in an isolated network namespace,20.0,20.0,0.0
redis,hash-pinned public Redis release-layer bytes,6,1,redulink-binary-quic-stream,524288,139634,524288,184.423,65.261,118.998,74.588,22.742847,6.057119,158947,182,0,0,0,True,72,72,13,reno,Linux tc/netem qdisc on loopback in an isolated network namespace,20.0,20.0,0.0
redis,hash-pinned public Redis release-layer bytes,6,2,raw-quic-stream,524288,524288,524288,306.508,48.019,257.923,92.624,13.684158,13.684158,577012,626,0,0,0,True,0,0,13,reno,Linux tc/netem qdisc on loopback in an isolated network namespace,20.0,20.0,0.0
redis,hash-pinned public Redis release-layer bytes,7,1,raw-quic-stream,524288,524288,524288,306.497,47.806,258.18,93.09,13.684649,13.684649,577013,626,0,0,0,True,0,0,13,reno,Linux tc/netem qdisc on loopback in an isolated network namespace,20.0,20.0,0.0
redis,hash-pinned public Redis release-layer bytes,7,2,redulink-binary-quic-stream,524288,139634,524288,186.449,65.457,120.812,69.283,22.495717,5.991301,159018,183,0,0,0,True,72,72,13,reno,Linux tc/netem qdisc on loopback in an isolated network namespace,20.0,20.0,0.0
redis,hash-pinned public Redis release-layer bytes,8,1,redulink-binary-quic-stream,524288,139634,524288,186.704,66.357,120.237,70.302,22.464993,5.983118,159093,184,0,0,0,True,72,72,13,reno,Linux tc/netem qdisc on loopback in an isolated network namespace,20.0,20.0,0.0
redis,hash-pinned public Redis release-layer bytes,8,2,raw-quic-stream,524288,524288,524288,306.788,48.33,257.919,93.821,13.671669,13.671669,577011,626,0,0,0,True,0,0,13,reno,Linux tc/netem qdisc on loopback in an isolated network namespace,20.0,20.0,0.0
redis,hash-pinned public Redis release-layer bytes,9,1,raw-quic-stream,524288,524288,524288,305.582,48.348,256.783,93.558,13.725625,13.725625,577011,626,0,0,0,True,0,0,13,reno,Linux tc/netem qdisc on loopback in an isolated network namespace,20.0,20.0,0.0
redis,hash-pinned public Redis release-layer bytes,9,2,redulink-binary-quic-stream,524288,139634,524288,186.229,66.181,119.87,69.94,22.522292,5.998378,159018,183,0,0,0,True,72,72,13,reno,Linux tc/netem qdisc on loopback in an isolated network namespace,20.0,20.0,0.0
redis,hash-pinned public Redis release-layer bytes,10,1,redulink-binary-quic-stream,524288,139634,524288,184.899,66.201,118.395,70.616,22.684298,6.041525,158872,181,0,0,0,True,72,72,13,reno,Linux tc/netem qdisc on loopback in an isolated network namespace,20.0,20.0,0.0
redis,hash-pinned public Redis release-layer bytes,10,2,raw-quic-stream,524288,524288,524288,306.548,47.924,258.026,93.338,13.682373,13.682373,577080,627,0,0,0,True,0,0,13,reno,Linux tc/netem qdisc on loopback in an isolated network namespace,20.0,20.0,0.0
redis,hash-pinned public Redis release-layer bytes,11,1,raw-quic-stream,524288,524288,524288,306.417,48.13,257.841,101.195,13.688222,13.688222,576699,622,0,0,0,True,0,0,13,reno,Linux tc/netem qdisc on loopback in an isolated network namespace,20.0,20.0,0.0
redis,hash-pinned public Redis release-layer bytes,11,2,redulink-binary-quic-stream,524288,139634,524288,184.571,66.143,118.284,69.071,22.72461,6.052262,158871,181,0,0,0,True,72,72,13,reno,Linux tc/netem qdisc on loopback in an isolated network namespace,20.0,20.0,0.0
redis,hash-pinned public Redis release-layer bytes,12,1,redulink-binary-quic-stream,524288,139634,524288,184.078,65.438,118.551,69.009,22.785471,6.068471,158949,182,0,0,0,True,72,72,13,reno,Linux tc/netem qdisc on loopback in an isolated network namespace,20.0,20.0,0.0
redis,hash-pinned public Redis release-layer bytes,12,2,raw-quic-stream,524288,524288,524288,306.39,47.669,258.202,92.324,13.689429,13.689429,576934,625,0,0,0,True,0,0,13,reno,Linux tc/netem qdisc on loopback in an isolated network namespace,20.0,20.0,0.0
redis,hash-pinned public Redis release-layer bytes,13,1,raw-quic-stream,524288,524288,524288,306.363,47.73,258.095,92.66,13.690635,13.690635,577092,627,0,0,0,True,0,0,13,reno,Linux tc/netem qdisc on loopback in an isolated network namespace,20.0,20.0,0.0
redis,hash-pinned public Redis release-layer bytes,13,2,redulink-binary-quic-stream,524288,139634,524288,184.748,65.992,118.628,69.741,22.702838,6.046463,158875,181,0,0,0,True,72,72,13,reno,Linux tc/netem qdisc on loopback in an isolated network namespace,20.0,20.0,0.0
redis,hash-pinned public Redis release-layer bytes,14,1,redulink-binary-quic-stream,524288,139634,524288,184.72,65.094,119.49,69.683,22.70628,6.04738,158947,182,0,0,0,True,72,72,13,reno,Linux tc/netem qdisc on loopback in an isolated network namespace,20.0,20.0,0.0
redis,hash-pinned public Redis release-layer bytes,14,2,raw-quic-stream,524288,524288,524288,306.544,48.34,257.839,92.956,13.682551,13.682551,577155,628,0,0,0,True,0,0,13,reno,Linux tc/netem qdisc on loopback in an isolated network namespace,20.0,20.0,0.0
redis,hash-pinned public Redis release-layer bytes,15,1,raw-quic-stream,524288,524288,524288,306.697,48.142,258.032,93.405,13.675726,13.675726,576940,625,0,0,0,True,0,0,13,reno,Linux tc/netem qdisc on loopback in an isolated network namespace,20.0,20.0,0.0
redis,hash-pinned public Redis release-layer bytes,15,2,redulink-binary-quic-stream,524288,139634,524288,184.082,65.816,118.15,69.055,22.784976,6.068339,158868,181,0,0,0,True,72,72,13,reno,Linux tc/netem qdisc on loopback in an isolated network namespace,20.0,20.0,0.0
redis,hash-pinned public Redis release-layer bytes,16,1,redulink-binary-quic-stream,524288,139634,524288,185.601,65.629,119.601,69.806,22.598499,6.018674,159021,183,0,0,0,True,72,72,13,reno,Linux tc/netem qdisc on loopback in an isolated network namespace,20.0,20.0,0.0
redis,hash-pinned public Redis release-layer bytes,16,2,raw-quic-stream,524288,524288,524288,306.497,47.818,258.177,92.696,13.684649,13.684649,577017,626,0,0,0,True,0,0,13,reno,Linux tc/netem qdisc on loopback in an isolated network namespace,20.0,20.0,0.0
redis,hash-pinned public Redis release-layer bytes,17,1,raw-quic-stream,524288,524288,524288,306.688,48.323,257.891,94.276,13.676127,13.676127,577014,626,0,0,0,True,0,0,13,reno,Linux tc/netem qdisc on loopback in an isolated network namespace,20.0,20.0,0.0
redis,hash-pinned public Redis release-layer bytes,17,2,redulink-binary-quic-stream,524288,139634,524288,184.55,65.712,118.66,69.042,22.727196,6.05295,158870,181,0,0,0,True,72,72,13,reno,Linux tc/netem qdisc on loopback in an isolated network namespace,20.0,20.0,0.0
redis,hash-pinned public Redis release-layer bytes,18,1,redulink-binary-quic-stream,524288,139634,524288,184.273,65.588,118.568,69.274,22.76136,6.062049,158946,182,0,0,0,True,72,72,13,reno,Linux tc/netem qdisc on loopback in an isolated network namespace,20.0,20.0,0.0
redis,hash-pinned public Redis release-layer bytes,18,2,raw-quic-stream,524288,524288,524288,306.387,47.774,258.045,93.192,13.689563,13.689563,577155,628,0,0,0,True,0,0,13,reno,Linux tc/netem qdisc on loopback in an isolated network namespace,20.0,20.0,0.0
redis,hash-pinned public Redis release-layer bytes,19,1,raw-quic-stream,524288,524288,524288,306.391,47.868,258.028,91.992,13.689384,13.689384,577155,628,0,0,0,True,0,0,13,reno,Linux tc/netem qdisc on loopback in an isolated network namespace,20.0,20.0,0.0
redis,hash-pinned public Redis release-layer bytes,19,2,redulink-binary-quic-stream,524288,139634,524288,184.517,65.712,118.681,69.26,22.731261,6.054033,158873,181,0,0,0,True,72,72,13,reno,Linux tc/netem qdisc on loopback in an isolated network namespace,20.0,20.0,0.0
redis,hash-pinned public Redis release-layer bytes,20,1,redulink-binary-quic-stream,524288,139634,524288,184.98,65.281,119.52,69.588,22.674365,6.03888,158871,181,0,0,0,True,72,72,13,reno,Linux tc/netem qdisc on loopback in an isolated network namespace,20.0,20.0,0.0
redis,hash-pinned public Redis release-layer bytes,20,2,raw-quic-stream,524288,524288,524288,306.547,48.209,257.844,91.578,13.682417,13.682417,577011,626,0,0,0,True,0,0,13,reno,Linux tc/netem qdisc on loopback in an isolated network namespace,20.0,20.0,0.0
redis,hash-pinned public Redis release-layer bytes,1,1,raw-quic-stream,524288,524288,524288,319.427,48.477,270.225,94.484,13.130712,13.130712,577185,628,2,0,0,True,0,0,13,reno,Linux tc/netem qdisc on loopback in an isolated network namespace,20.0,20.0,0.5
redis,hash-pinned public Redis release-layer bytes,1,2,redulink-binary-quic-stream,524288,139634,524288,341.53,65.812,275.583,74.015,12.280924,3.270787,160185,198,3,0,0,True,72,72,13,reno,Linux tc/netem qdisc on loopback in an isolated network namespace,20.0,20.0,0.5
redis,hash-pinned public Redis release-layer bytes,2,1,redulink-binary-quic-stream,524288,139634,524288,189.156,65.526,123.51,68.241,22.173782,5.905559,159137,184,1,0,0,True,72,72,13,reno,Linux tc/netem qdisc on loopback in an isolated network namespace,20.0,20.0,0.5
redis,hash-pinned public Redis release-layer bytes,2,2,raw-quic-stream,524288,524288,524288,319.006,48.003,270.524,92.81,13.148041,13.148041,577413,630,3,0,0,True,0,0,13,reno,Linux tc/netem qdisc on loopback in an isolated network namespace,20.0,20.0,0.5
redis,hash-pinned public Redis release-layer bytes,3,1,raw-quic-stream,524288,524288,524288,739.94,47.893,691.549,117.48,5.668438,5.668438,582243,693,7,0,0,True,0,0,13,reno,Linux tc/netem qdisc on loopback in an isolated network namespace,20.0,20.0,0.5
redis,hash-pinned public Redis release-layer bytes,3,2,redulink-binary-quic-stream,524288,139634,524288,185.421,66.73,118.515,70.264,22.620437,6.024517,158874,181,0,0,0,True,72,72,13,reno,Linux tc/netem qdisc on loopback in an isolated network namespace,20.0,20.0,0.5
redis,hash-pinned public Redis release-layer bytes,4,1,redulink-binary-quic-stream,524288,139634,524288,184.509,65.821,118.384,70.392,22.732246,6.054295,158874,181,1,0,0,True,72,72,13,reno,Linux tc/netem qdisc on loopback in an isolated network namespace,20.0,20.0,0.5
redis,hash-pinned public Redis release-layer bytes,4,2,raw-quic-stream,524288,524288,524288,321.664,48.024,273.127,93.572,13.039395,13.039395,577605,632,3,0,0,True,0,0,13,reno,Linux tc/netem qdisc on loopback in an isolated network namespace,20.0,20.0,0.5
redis,hash-pinned public Redis release-layer bytes,5,1,raw-quic-stream,524288,524288,524288,318.64,47.957,270.142,93.284,13.163143,13.163143,577402,629,3,0,0,True,0,0,13,reno,Linux tc/netem qdisc on loopback in an isolated network namespace,20.0,20.0,0.5
redis,hash-pinned public Redis release-layer bytes,5,2,redulink-binary-quic-stream,524288,139634,524288,291.849,66.485,225.136,77.729,14.371487,3.827568,161101,210,1,0,0,True,72,72,13,reno,Linux tc/netem qdisc on loopback in an isolated network namespace,20.0,20.0,0.5
redis,hash-pinned public Redis release-layer bytes,6,1,redulink-binary-quic-stream,524288,139634,524288,201.497,65.469,135.815,69.243,20.815714,5.543864,157717,181,2,0,0,True,72,72,13,reno,Linux tc/netem qdisc on loopback in an isolated network namespace,20.0,20.0,0.5
redis,hash-pinned public Redis release-layer bytes,6,2,raw-quic-stream,524288,524288,524288,406.523,47.878,358.174,99.197,10.317507,10.317507,579033,651,3,0,0,True,0,0,13,reno,Linux tc/netem qdisc on loopback in an isolated network namespace,20.0,20.0,0.5
redis,hash-pinned public Redis release-layer bytes,7,1,raw-quic-stream,524288,524288,524288,329.619,47.943,281.206,94.745,12.724703,12.724703,577682,633,3,0,0,True,0,0,13,reno,Linux tc/netem qdisc on loopback in an isolated network namespace,20.0,20.0,0.5
redis,hash-pinned public Redis release-layer bytes,7,2,redulink-binary-quic-stream,524288,139634,524288,202.478,65.459,136.757,70.642,20.714863,5.517004,159102,184,1,0,0,True,72,72,13,reno,Linux tc/netem qdisc on loopback in an isolated network namespace,20.0,20.0,0.5
redis,hash-pinned public Redis release-layer bytes,8,1,redulink-binary-quic-stream,524288,139634,524288,184.115,65.366,118.652,69.078,22.780892,6.067251,158947,182,0,0,0,True,72,72,13,reno,Linux tc/netem qdisc on loopback in an isolated network namespace,20.0,20.0,0.5
redis,hash-pinned public Redis release-layer bytes,8,2,raw-quic-stream,524288,524288,524288,444.708,48.113,395.907,93.879,9.431591,9.431591,577383,631,1,0,0,True,0,0,13,reno,Linux tc/netem qdisc on loopback in an isolated network namespace,20.0,20.0,0.5
redis,hash-pinned public Redis release-layer bytes,9,1,raw-quic-stream,524288,524288,524288,568.775,48.43,519.71,109.703,7.374276,7.374276,581315,681,6,0,0,True,0,0,13,reno,Linux tc/netem qdisc on loopback in an isolated network namespace,20.0,20.0,0.5
redis,hash-pinned public Redis release-layer bytes,9,2,redulink-binary-quic-stream,524288,139634,524288,215.09,65.36,149.59,70.861,19.500228,5.19351,159189,185,1,0,0,True,72,72,13,reno,Linux tc/netem qdisc on loopback in an isolated network namespace,20.0,20.0,0.5
redis,hash-pinned public Redis release-layer bytes,10,1,redulink-binary-quic-stream,524288,139634,524288,185.248,65.484,119.619,72.397,22.641562,6.030143,159021,183,0,0,0,True,72,72,13,reno,Linux tc/netem qdisc on loopback in an isolated network namespace,20.0,20.0,0.5
redis,hash-pinned public Redis release-layer bytes,10,2,raw-quic-stream,524288,524288,524288,361.658,48.0,313.152,95.486,11.597432,11.597432,577661,632,5,0,0,True,0,0,13,reno,Linux tc/netem qdisc on loopback in an isolated network namespace,20.0,20.0,0.5
redis,hash-pinned public Redis release-layer bytes,11,1,raw-quic-stream,524288,524288,524288,306.161,47.728,258.09,91.409,13.699668,13.699668,576476,619,1,0,0,True,0,0,13,reno,Linux tc/netem qdisc on loopback in an isolated network namespace,20.0,20.0,0.5
redis,hash-pinned public Redis release-layer bytes,11,2,redulink-binary-quic-stream,524288,139634,524288,184.518,65.729,118.646,70.448,22.731137,6.054,158949,182,0,0,0,True,72,72,13,reno,Linux tc/netem qdisc on loopback in an isolated network namespace,20.0,20.0,0.5
redis,hash-pinned public Redis release-layer bytes,12,1,redulink-binary-quic-stream,524288,139634,524288,287.551,65.261,222.082,70.156,14.586296,3.884779,159352,187,2,0,0,True,72,72,13,reno,Linux tc/netem qdisc on loopback in an isolated network namespace,20.0,20.0,0.5
redis,hash-pinned public Redis release-layer bytes,12,2,raw-quic-stream,524288,524288,524288,333.129,47.845,284.74,94.853,12.59063,12.59063,577745,632,7,0,0,True,0,0,13,reno,Linux tc/netem qdisc on loopback in an isolated network namespace,20.0,20.0,0.5
redis,hash-pinned public Redis release-layer bytes,13,1,raw-quic-stream,524288,524288,524288,426.678,127.406,298.778,99.221,9.830139,9.830139,577340,629,3,0,0,True,0,0,13,reno,Linux tc/netem qdisc on loopback in an isolated network namespace,20.0,20.0,0.5
redis,hash-pinned public Redis release-layer bytes,13,2,redulink-binary-quic-stream,524288,139634,524288,185.369,65.488,119.78,70.002,22.626782,6.026207,158946,182,0,0,0,True,72,72,13,reno,Linux tc/netem qdisc on loopback in an isolated network namespace,20.0,20.0,0.5
redis,hash-pinned public Redis release-layer bytes,14,1,redulink-binary-quic-stream,524288,139634,524288,185.443,65.436,119.867,69.337,22.617753,6.023802,159019,183,0,0,0,True,72,72,13,reno,Linux tc/netem qdisc on loopback in an isolated network namespace,20.0,20.0,0.5
redis,hash-pinned public Redis release-layer bytes,14,2,raw-quic-stream,524288,524288,524288,321.505,48.093,272.972,92.986,13.045844,13.045844,577670,633,3,0,0,True,0,0,13,reno,Linux tc/netem qdisc on loopback in an isolated network namespace,20.0,20.0,0.5
redis,hash-pinned public Redis release-layer bytes,15,1,raw-quic-stream,524288,524288,524288,306.486,47.816,258.177,91.761,13.685141,13.685141,577016,626,0,0,0,True,0,0,13,reno,Linux tc/netem qdisc on loopback in an isolated network namespace,20.0,20.0,0.5
redis,hash-pinned public Redis release-layer bytes,15,2,redulink-binary-quic-stream,524288,139634,524288,184.259,65.542,118.468,69.218,22.763089,6.06251,158874,181,0,0,0,True,72,72,13,reno,Linux tc/netem qdisc on loopback in an isolated network namespace,20.0,20.0,0.5
redis,hash-pinned public Redis release-layer bytes,16,1,redulink-binary-quic-stream,524288,139634,524288,242.067,65.383,176.372,72.523,17.327038,4.614722,160054,196,1,0,0,True,72,72,13,reno,Linux tc/netem qdisc on loopback in an isolated network namespace,20.0,20.0,0.5
redis,hash-pinned public Redis release-layer bytes,16,2,raw-quic-stream,524288,524288,524288,322.38,48.088,273.983,94.573,13.010435,13.010435,577186,627,2,0,0,True,0,0,13,reno,Linux tc/netem qdisc on loopback in an isolated network namespace,20.0,20.0,0.5
redis,hash-pinned public Redis release-layer bytes,17,1,raw-quic-stream,524288,524288,524288,353.16,49.288,304.095,98.552,11.876498,11.876498,577538,632,2,0,0,True,0,0,13,reno,Linux tc/netem qdisc on loopback in an isolated network namespace,20.0,20.0,0.5
redis,hash-pinned public Redis release-layer bytes,17,2,redulink-binary-quic-stream,524288,139634,524288,185.749,65.441,120.125,69.971,22.580493,6.013879,159093,184,0,0,0,True,72,72,13,reno,Linux tc/netem qdisc on loopback in an isolated network namespace,20.0,20.0,0.5
redis,hash-pinned public Redis release-layer bytes,18,1,redulink-binary-quic-stream,524288,139634,524288,287.629,65.382,222.02,73.709,14.58234,3.883725,160053,196,1,0,0,True,72,72,13,reno,Linux tc/netem qdisc on loopback in an isolated network namespace,20.0,20.0,0.5
redis,hash-pinned public Redis release-layer bytes,18,2,raw-quic-stream,524288,524288,524288,319.502,48.016,271.025,93.008,13.12763,13.12763,576951,623,6,0,0,True,0,0,13,reno,Linux tc/netem qdisc on loopback in an isolated network namespace,20.0,20.0,0.5
redis,hash-pinned public Redis release-layer bytes,19,1,raw-quic-stream,524288,524288,524288,316.154,47.758,267.946,91.735,13.266649,13.266649,576966,624,2,0,0,True,0,0,13,reno,Linux tc/netem qdisc on loopback in an isolated network namespace,20.0,20.0,0.5
redis,hash-pinned public Redis release-layer bytes,19,2,redulink-binary-quic-stream,524288,139634,524288,185.261,65.445,119.696,69.269,22.639973,6.02972,159094,184,0,0,0,True,72,72,13,reno,Linux tc/netem qdisc on loopback in an isolated network namespace,20.0,20.0,0.5
redis,hash-pinned public Redis release-layer bytes,20,1,redulink-binary-quic-stream,524288,139634,524288,322.759,65.541,256.839,79.067,12.995157,3.46101,161167,211,1,0,0,True,72,72,13,reno,Linux tc/netem qdisc on loopback in an isolated network namespace,20.0,20.0,0.5
redis,hash-pinned public Redis release-layer bytes,20,2,raw-quic-stream,524288,524288,524288,367.77,47.967,319.122,97.839,11.404693,11.404693,578151,639,3,0,0,True,0,0,13,reno,Linux tc/netem qdisc on loopback in an isolated network namespace,20.0,20.0,0.5
redis,hash-pinned public Redis release-layer bytes,1,1,raw-quic-stream,524288,524288,524288,646.273,168.274,477.585,102.771,6.489988,6.489988,577933,638,0,0,0,True,0,0,13,reno,Linux tc/netem qdisc on loopback in an isolated network namespace,20.0,80.0,0.0
redis,hash-pinned public Redis release-layer bytes,1,2,redulink-binary-quic-stream,524288,139634,524288,547.404,185.877,361.106,79.832,7.662173,2.040672,160232,199,0,0,0,True,72,72,13,reno,Linux tc/netem qdisc on loopback in an isolated network namespace,20.0,80.0,0.0
redis,hash-pinned public Redis release-layer bytes,2,1,redulink-binary-quic-stream,524288,139634,524288,547.766,185.555,361.748,79.528,7.657109,2.039323,160086,197,0,0,0,True,72,72,13,reno,Linux tc/netem qdisc on loopback in an isolated network namespace,20.0,80.0,0.0
redis,hash-pinned public Redis release-layer bytes,2,2,raw-quic-stream,524288,524288,524288,645.8,168.108,477.164,103.048,6.494741,6.494741,577870,637,0,0,0,True,0,0,13,reno,Linux tc/netem qdisc on loopback in an isolated network namespace,20.0,80.0,0.0
redis,hash-pinned public Redis release-layer bytes,3,1,raw-quic-stream,524288,524288,524288,646.197,168.531,477.257,103.367,6.490751,6.490751,578008,639,0,0,0,True,0,0,13,reno,Linux tc/netem qdisc on loopback in an isolated network namespace,20.0,80.0,0.0
redis,hash-pinned public Redis release-layer bytes,3,2,redulink-binary-quic-stream,524288,139634,524288,548.876,186.908,361.64,81.244,7.641624,2.035199,160387,201,0,0,0,True,72,72,13,reno,Linux tc/netem qdisc on loopback in an isolated network namespace,20.0,80.0,0.0
redis,hash-pinned public Redis release-layer bytes,4,1,redulink-binary-quic-stream,524288,139634,524288,547.179,185.772,361.197,79.309,7.665323,2.041511,160231,199,0,0,0,True,72,72,13,reno,Linux tc/netem qdisc on loopback in an isolated network namespace,20.0,80.0,0.0
redis,hash-pinned public Redis release-layer bytes,4,2,raw-quic-stream,524288,524288,524288,645.872,168.123,477.209,102.955,6.494017,6.494017,577870,637,0,0,0,True,0,0,13,reno,Linux tc/netem qdisc on loopback in an isolated network namespace,20.0,80.0,0.0
redis,hash-pinned public Redis release-layer bytes,5,1,raw-quic-stream,524288,524288,524288,645.527,168.34,476.645,102.614,6.497488,6.497488,577931,638,0,0,0,True,0,0,13,reno,Linux tc/netem qdisc on loopback in an isolated network namespace,20.0,80.0,0.0
redis,hash-pinned public Redis release-layer bytes,5,2,redulink-binary-quic-stream,524288,139634,524288,546.907,185.984,360.715,80.54,7.669136,2.042526,160080,197,0,0,0,True,72,72,13,reno,Linux tc/netem qdisc on loopback in an isolated network namespace,20.0,80.0,0.0
redis,hash-pinned public Redis release-layer bytes,6,1,redulink-binary-quic-stream,524288,139634,524288,546.972,185.669,360.954,79.595,7.668224,2.042284,160019,196,0,0,0,True,72,72,13,reno,Linux tc/netem qdisc on loopback in an isolated network namespace,20.0,80.0,0.0
redis,hash-pinned public Redis release-layer bytes,6,2,raw-quic-stream,524288,524288,524288,645.489,168.015,476.957,109.602,6.497871,6.497871,577474,632,0,0,0,True,0,0,13,reno,Linux tc/netem qdisc on loopback in an isolated network namespace,20.0,80.0,0.0
redis,hash-pinned public Redis release-layer bytes,7,1,raw-quic-stream,524288,524288,524288,645.432,168.324,476.717,103.474,6.498444,6.498444,577940,638,0,0,0,True,0,0,13,reno,Linux tc/netem qdisc on loopback in an isolated network namespace,20.0,80.0,0.0
redis,hash-pinned public Redis release-layer bytes,7,2,redulink-binary-quic-stream,524288,139634,524288,547.307,185.664,361.428,78.944,7.663531,2.041034,160235,199,0,0,0,True,72,72,13,reno,Linux tc/netem qdisc on loopback in an isolated network namespace,20.0,80.0,0.0
redis,hash-pinned public Redis release-layer bytes,8,1,redulink-binary-quic-stream,524288,139634,524288,544.656,185.653,358.752,80.003,7.700831,2.050968,159872,194,0,0,0,True,72,72,13,reno,Linux tc/netem qdisc on loopback in an isolated network namespace,20.0,80.0,0.0
redis,hash-pinned public Redis release-layer bytes,8,2,raw-quic-stream,524288,524288,524288,645.621,167.804,477.206,102.487,6.496542,6.496542,577862,637,0,0,0,True,0,0,13,reno,Linux tc/netem qdisc on loopback in an isolated network namespace,20.0,80.0,0.0
redis,hash-pinned public Redis release-layer bytes,9,1,raw-quic-stream,524288,524288,524288,646.037,168.347,477.221,103.618,6.492359,6.492359,577949,638,0,0,0,True,0,0,13,reno,Linux tc/netem qdisc on loopback in an isolated network namespace,20.0,80.0,0.0
redis,hash-pinned public Redis release-layer bytes,9,2,redulink-binary-quic-stream,524288,139634,524288,548.083,186.052,361.6,79.61,7.65268,2.038144,160085,197,0,0,0,True,72,72,13,reno,Linux tc/netem qdisc on loopback in an isolated network namespace,20.0,80.0,0.0
redis,hash-pinned public Redis release-layer bytes,10,1,redulink-binary-quic-stream,524288,139634,524288,546.731,185.66,360.638,79.367,7.671605,2.043184,160081,197,0,0,0,True,72,72,13,reno,Linux tc/netem qdisc on loopback in an isolated network namespace,20.0,80.0,0.0
redis,hash-pinned public Redis release-layer bytes,10,2,raw-quic-stream,524288,524288,524288,646.106,168.333,477.39,108.684,6.491665,6.491665,578318,643,0,0,0,True,0,0,13,reno,Linux tc/netem qdisc on loopback in an isolated network namespace,20.0,80.0,0.0
redis,hash-pinned public Redis release-layer bytes,11,1,raw-quic-stream,524288,524288,524288,645.082,167.952,476.554,102.399,6.50197,6.50197,577933,638,0,0,0,True,0,0,13,reno,Linux tc/netem qdisc on loopback in an isolated network namespace,20.0,80.0,0.0
redis,hash-pinned public Redis release-layer bytes,11,2,redulink-binary-quic-stream,524288,139634,524288,554.563,185.983,368.158,81.301,7.56326,2.014328,160239,199,0,0,0,True,72,72,13,reno,Linux tc/netem qdisc on loopback in an isolated network namespace,20.0,80.0,0.0
redis,hash-pinned public Redis release-layer bytes,12,1,redulink-binary-quic-stream,524288,139634,524288,546.775,185.735,360.825,80.551,7.670987,2.04302,160231,199,0,0,0,True,72,72,13,reno,Linux tc/netem qdisc on loopback in an isolated network namespace,20.0,80.0,0.0
redis,hash-pinned public Redis release-layer bytes,12,2,raw-quic-stream,524288,524288,524288,645.004,167.82,476.697,103.68,6.502757,6.502757,577938,638,0,0,0,True,0,0,13,reno,Linux tc/netem qdisc on loopback in an isolated network namespace,20.0,80.0,0.0
redis,hash-pinned public Redis release-layer bytes,13,1,raw-quic-stream,524288,524288,524288,645.043,168.147,476.219,102.792,6.502363,6.502363,577930,638,0,0,0,True,0,0,13,reno,Linux tc/netem qdisc on loopback in an isolated network namespace,20.0,80.0,0.0
redis,hash-pinned public Redis release-layer bytes,13,2,redulink-binary-quic-stream,524288,139634,524288,546.691,185.571,360.718,79.637,7.672166,2.043333,160012,196,0,0,0,True,72,72,13,reno,Linux tc/netem qdisc on loopback in an isolated network namespace,20.0,80.0,0.0
redis,hash-pinned public Redis release-layer bytes,14,1,redulink-binary-quic-stream,524288,139634,524288,552.267,185.801,366.088,79.582,7.594703,2.022703,160082,197,0,0,0,True,72,72,13,reno,Linux tc/netem qdisc on loopback in an isolated network namespace,20.0,80.0,0.0
redis,hash-pinned public Redis release-layer bytes,14,2,raw-quic-stream,524288,524288,524288,646.379,168.213,477.625,104.45,6.488924,6.488924,577720,635,0,0,0,True,0,0,13,reno,Linux tc/netem qdisc on loopback in an isolated network namespace,20.0,80.0,0.0
redis,hash-pinned public Redis release-layer bytes,15,1,raw-quic-stream,524288,524288,524288,645.111,168.345,476.267,102.864,6.501678,6.501678,578008,639,0,0,0,True,0,0,13,reno,Linux tc/netem qdisc on loopback in an isolated network namespace,20.0,80.0,0.0
redis,hash-pinned public Redis release-layer bytes,15,2,redulink-binary-quic-stream,524288,139634,524288,547.706,185.745,361.578,79.094,7.657948,2.039547,160088,197,0,0,0,True,72,72,13,reno,Linux tc/netem qdisc on loopback in an isolated network namespace,20.0,80.0,0.0
redis,hash-pinned public Redis release-layer bytes,16,1,redulink-binary-quic-stream,524288,139634,524288,552.456,185.913,366.136,79.669,7.592105,2.022011,160160,198,0,0,0,True,72,72,13,reno,Linux tc/netem qdisc on loopback in an isolated network namespace,20.0,80.0,0.0
redis,hash-pinned public Redis release-layer bytes,16,2,raw-quic-stream,524288,524288,524288,646.499,167.865,478.069,102.527,6.487719,6.487719,577871,637,0,0,0,True,0,0,13,reno,Linux tc/netem qdisc on loopback in an isolated network namespace,20.0,80.0,0.0
redis,hash-pinned public Redis release-layer bytes,17,1,raw-quic-stream,524288,524288,524288,643.892,168.177,475.154,103.741,6.513987,6.513987,577934,638,0,0,0,True,0,0,13,reno,Linux tc/netem qdisc on loopback in an isolated network namespace,20.0,80.0,0.0
redis,hash-pinned public Redis release-layer bytes,17,2,redulink-binary-quic-stream,524288,139634,524288,551.52,186.945,364.385,81.328,7.60499,2.025442,160233,199,0,0,0,True,72,72,13,reno,Linux tc/netem qdisc on loopback in an isolated network namespace,20.0,80.0,0.0
redis,hash-pinned public Redis release-layer bytes,18,1,redulink-binary-quic-stream,524288,139634,524288,547.802,186.132,361.348,77.991,7.656606,2.039189,160022,196,0,0,0,True,72,72,13,reno,Linux tc/netem qdisc on loopback in an isolated network namespace,20.0,80.0,0.0
redis,hash-pinned public Redis release-layer bytes,18,2,raw-quic-stream,524288,524288,524288,644.539,168.094,475.887,104.488,6.507448,6.507448,578085,640,0,0,0,True,0,0,13,reno,Linux tc/netem qdisc on loopback in an isolated network namespace,20.0,80.0,0.0
redis,hash-pinned public Redis release-layer bytes,19,1,raw-quic-stream,524288,524288,524288,643.806,168.519,474.848,103.308,6.514857,6.514857,578233,642,0,0,0,True,0,0,13,reno,Linux tc/netem qdisc on loopback in an isolated network namespace,20.0,80.0,0.0
redis,hash-pinned public Redis release-layer bytes,19,2,redulink-binary-quic-stream,524288,139634,524288,547.489,185.892,361.284,78.875,7.660983,2.040355,160012,196,0,0,0,True,72,72,13,reno,Linux tc/netem qdisc on loopback in an isolated network namespace,20.0,80.0,0.0
redis,hash-pinned public Redis release-layer bytes,20,1,redulink-binary-quic-stream,524288,139634,524288,548.26,186.095,361.907,80.214,7.65021,2.037486,160242,199,0,0,0,True,72,72,13,reno,Linux tc/netem qdisc on loopback in an isolated network namespace,20.0,80.0,0.0
redis,hash-pinned public Redis release-layer bytes,20,2,raw-quic-stream,524288,524288,524288,645.123,167.942,476.622,103.542,6.501557,6.501557,578175,641,0,0,0,True,0,0,13,reno,Linux tc/netem qdisc on loopback in an isolated network namespace,20.0,80.0,0.0
redis,hash-pinned public Redis release-layer bytes,1,1,raw-quic-stream,524288,524288,524288,898.14,168.173,729.455,110.876,4.669989,4.669989,581058,676,3,0,0,True,0,0,13,reno,Linux tc/netem qdisc on loopback in an isolated network namespace,20.0,80.0,0.5
redis,hash-pinned public Redis release-layer bytes,1,2,redulink-binary-quic-stream,524288,139634,524288,721.542,185.707,535.613,84.25,5.812973,1.548173,160424,201,2,0,0,True,72,72,13,reno,Linux tc/netem qdisc on loopback in an isolated network namespace,20.0,80.0,0.5
redis,hash-pinned public Redis release-layer bytes,2,1,redulink-binary-quic-stream,524288,139634,524288,550.639,185.962,364.289,80.028,7.617158,2.028683,160012,196,0,0,0,True,72,72,13,reno,Linux tc/netem qdisc on loopback in an isolated network namespace,20.0,80.0,0.5
redis,hash-pinned public Redis release-layer bytes,2,2,raw-quic-stream,524288,524288,524288,644.412,168.133,475.813,102.799,6.50873,6.50873,577861,637,1,0,0,True,0,0,13,reno,Linux tc/netem qdisc on loopback in an isolated network namespace,20.0,80.0,0.5
redis,hash-pinned public Redis release-layer bytes,3,1,raw-quic-stream,524288,524288,524288,644.181,167.956,475.641,105.246,6.511064,6.511064,578021,639,1,0,0,True,0,0,13,reno,Linux tc/netem qdisc on loopback in an isolated network namespace,20.0,80.0,0.5
redis,hash-pinned public Redis release-layer bytes,3,2,redulink-binary-quic-stream,524288,139634,524288,714.892,185.627,529.11,83.077,5.867046,1.562574,160568,203,2,0,0,True,72,72,13,reno,Linux tc/netem qdisc on loopback in an isolated network namespace,20.0,80.0,0.5
redis,hash-pinned public Redis release-layer bytes,4,1,redulink-binary-quic-stream,524288,139634,524288,548.682,186.319,362.156,81.128,7.644326,2.035919,160016,196,1,0,0,True,72,72,13,reno,Linux tc/netem qdisc on loopback in an isolated network namespace,20.0,80.0,0.5
redis,hash-pinned public Redis release-layer bytes,4,2,raw-quic-stream,524288,524288,524288,3141.371,249.459,2891.283,180.185,1.335183,1.335183,589632,770,5,0,0,True,0,0,13,reno,Linux tc/netem qdisc on loopback in an isolated network namespace,20.0,80.0,0.5
redis,hash-pinned public Redis release-layer bytes,5,1,raw-quic-stream,524288,524288,524288,2124.428,168.02,1955.716,154.265,1.974322,1.974322,589527,787,4,0,0,True,0,0,13,reno,Linux tc/netem qdisc on loopback in an isolated network namespace,20.0,80.0,0.5
redis,hash-pinned public Redis release-layer bytes,5,2,redulink-binary-quic-stream,524288,139634,524288,858.081,185.792,671.992,80.966,4.888005,1.301826,160236,199,2,0,0,True,72,72,13,reno,Linux tc/netem qdisc on loopback in an isolated network namespace,20.0,80.0,0.5
redis,hash-pinned public Redis release-layer bytes,6,1,redulink-binary-quic-stream,524288,139634,524288,624.087,185.796,437.942,79.408,6.720704,1.78993,160247,199,1,0,0,True,72,72,13,reno,Linux tc/netem qdisc on loopback in an isolated network namespace,20.0,80.0,0.5
redis,hash-pinned public Redis release-layer bytes,6,2,raw-quic-stream,524288,524288,524288,1024.224,168.034,855.598,114.907,4.095104,4.095104,581408,681,4,0,0,True,0,0,13,reno,Linux tc/netem qdisc on loopback in an isolated network namespace,20.0,80.0,0.5
redis,hash-pinned public Redis release-layer bytes,7,1,raw-quic-stream,524288,524288,524288,1103.638,168.521,934.727,123.857,3.800435,3.800435,582197,692,2,0,0,True,0,0,13,reno,Linux tc/netem qdisc on loopback in an isolated network namespace,20.0,80.0,0.5
redis,hash-pinned public Redis release-layer bytes,7,2,redulink-binary-quic-stream,524288,139634,524288,560.853,185.726,374.938,79.173,7.478437,1.991738,160288,199,2,0,0,True,72,72,13,reno,Linux tc/netem qdisc on loopback in an isolated network namespace,20.0,80.0,0.5
redis,hash-pinned public Redis release-layer bytes,8,1,redulink-binary-quic-stream,524288,139634,524288,546.772,185.707,360.652,80.026,7.671029,2.043031,160083,197,0,0,0,True,72,72,13,reno,Linux tc/netem qdisc on loopback in an isolated network namespace,20.0,80.0,0.5
redis,hash-pinned public Redis release-layer bytes,8,2,raw-quic-stream,524288,524288,524288,686.321,168.018,517.681,103.231,6.111286,6.111286,578616,644,2,0,0,True,0,0,13,reno,Linux tc/netem qdisc on loopback in an isolated network namespace,20.0,80.0,0.5
redis,hash-pinned public Redis release-layer bytes,9,1,raw-quic-stream,524288,524288,524288,725.554,168.466,556.707,104.929,5.78083,5.78083,579256,652,3,0,0,True,0,0,13,reno,Linux tc/netem qdisc on loopback in an isolated network namespace,20.0,80.0,0.5
redis,hash-pinned public Redis release-layer bytes,9,2,redulink-binary-quic-stream,524288,139634,524288,547.108,186.023,360.649,79.464,7.666318,2.041776,160162,198,0,0,0,True,72,72,13,reno,Linux tc/netem qdisc on loopback in an isolated network namespace,20.0,80.0,0.5
redis,hash-pinned public Redis release-layer bytes,10,1,redulink-binary-quic-stream,524288,139634,524288,923.046,185.775,737.021,88.73,4.543982,1.210202,161952,221,2,0,0,True,72,72,13,reno,Linux tc/netem qdisc on loopback in an isolated network namespace,20.0,80.0,0.5
redis,hash-pinned public Redis release-layer bytes,10,2,raw-quic-stream,524288,524288,524288,1107.866,167.943,939.363,121.442,3.785931,3.785931,581949,689,1,0,0,True,0,0,13,reno,Linux tc/netem qdisc on loopback in an isolated network namespace,20.0,80.0,0.5
redis,hash-pinned public Redis release-layer bytes,11,1,raw-quic-stream,524288,524288,524288,1027.516,168.167,858.785,113.979,4.081984,4.081984,580583,670,5,0,0,True,0,0,13,reno,Linux tc/netem qdisc on loopback in an isolated network namespace,20.0,80.0,0.5
redis,hash-pinned public Redis release-layer bytes,11,2,redulink-binary-quic-stream,524288,139634,524288,546.995,185.669,360.849,79.592,7.667902,2.042198,160163,198,0,0,0,True,72,72,13,reno,Linux tc/netem qdisc on loopback in an isolated network namespace,20.0,80.0,0.5
redis,hash-pinned public Redis release-layer bytes,12,1,redulink-binary-quic-stream,524288,139634,524288,549.572,185.421,363.867,79.228,7.631946,2.032622,159937,195,1,0,0,True,72,72,13,reno,Linux tc/netem qdisc on loopback in an isolated network namespace,20.0,80.0,0.5
redis,hash-pinned public Redis release-layer bytes,12,2,raw-quic-stream,524288,524288,524288,770.907,167.918,602.503,105.563,5.440739,5.440739,578550,644,3,0,0,True,0,0,13,reno,Linux tc/netem qdisc on loopback in an isolated network namespace,20.0,80.0,0.5
redis,hash-pinned public Redis release-layer bytes,13,1,raw-quic-stream,524288,524288,524288,864.05,168.166,695.371,109.042,4.854238,4.854238,580128,665,1,0,0,True,0,0,13,reno,Linux tc/netem qdisc on loopback in an isolated network namespace,20.0,80.0,0.5
redis,hash-pinned public Redis release-layer bytes,13,2,redulink-binary-quic-stream,524288,139634,524288,551.128,186.072,364.662,79.392,7.610399,2.026883,159943,195,2,0,0,True,72,72,13,reno,Linux tc/netem qdisc on loopback in an isolated network namespace,20.0,80.0,0.5
redis,hash-pinned public Redis release-layer bytes,14,1,redulink-binary-quic-stream,524288,139634,524288,728.184,187.49,540.501,87.359,5.759951,1.534052,160576,203,1,0,0,True,72,72,13,reno,Linux tc/netem qdisc on loopback in an isolated network namespace,20.0,80.0,0.5
redis,hash-pinned public Redis release-layer bytes,14,2,raw-quic-stream,524288,524288,524288,1189.83,168.142,1020.993,125.381,3.525129,3.525129,582828,700,3,0,0,True,0,0,13,reno,Linux tc/netem qdisc on loopback in an isolated network namespace,20.0,80.0,0.5
redis,hash-pinned public Redis release-layer bytes,15,1,raw-quic-stream,524288,524288,524288,2625.75,168.217,2456.783,172.817,1.597374,1.597374,589291,785,5,0,0,True,0,0,13,reno,Linux tc/netem qdisc on loopback in an isolated network namespace,20.0,80.0,0.5
redis,hash-pinned public Redis release-layer bytes,15,2,redulink-binary-quic-stream,524288,139634,524288,813.566,186.142,627.207,86.326,5.155456,1.373056,161051,209,3,0,0,True,72,72,13,reno,Linux tc/netem qdisc on loopback in an isolated network namespace,20.0,80.0,0.5
redis,hash-pinned public Redis release-layer bytes,16,1,redulink-binary-quic-stream,524288,139634,524288,735.367,185.627,549.364,83.145,5.703688,1.519067,160744,205,1,0,0,True,72,72,13,reno,Linux tc/netem qdisc on loopback in an isolated network namespace,20.0,80.0,0.5
redis,hash-pinned public Redis release-layer bytes,16,2,raw-quic-stream,524288,524288,524288,3237.372,167.998,3068.708,189.012,1.295589,1.295589,591469,812,10,0,0,True,0,0,13,reno,Linux tc/netem qdisc on loopback in an isolated network namespace,20.0,80.0,0.5
redis,hash-pinned public Redis release-layer bytes,17,1,raw-quic-stream,524288,524288,524288,855.159,168.084,686.581,106.533,4.904707,4.904707,579566,656,5,0,0,True,0,0,13,reno,Linux tc/netem qdisc on loopback in an isolated network namespace,20.0,80.0,0.5
redis,hash-pinned public Redis release-layer bytes,17,2,redulink-binary-quic-stream,524288,139634,524288,615.983,444.992,428.782,82.328,6.809123,1.813479,160324,200,1,0,0,True,72,72,13,reno,Linux tc/netem qdisc on loopback in an isolated network namespace,20.0,80.0,0.5
redis,hash-pinned public Redis release-layer bytes,18,1,redulink-binary-quic-stream,524288,139634,524288,818.369,185.525,632.726,84.755,5.125199,1.364998,160619,204,1,0,0,True,72,72,13,reno,Linux tc/netem qdisc on loopback in an isolated network namespace,20.0,80.0,0.5
redis,hash-pinned public Redis release-layer bytes,18,2,raw-quic-stream,524288,524288,524288,3541.855,267.011,3274.237,211.324,1.184211,1.184211,594551,852,10,0,0,True,0,0,13,reno,Linux tc/netem qdisc on loopback in an isolated network namespace,20.0,80.0,0.5
redis,hash-pinned public Redis release-layer bytes,19,1,raw-quic-stream,524288,524288,524288,687.25,168.48,518.385,103.178,6.103025,6.103025,579205,649,3,0,0,True,0,0,13,reno,Linux tc/netem qdisc on loopback in an isolated network namespace,20.0,80.0,0.5
redis,hash-pinned public Redis release-layer bytes,19,2,redulink-binary-quic-stream,524288,139634,524288,597.704,185.951,411.597,81.146,7.01736,1.868938,160492,202,2,0,0,True,72,72,13,reno,Linux tc/netem qdisc on loopback in an isolated network namespace,20.0,80.0,0.5
redis,hash-pinned public Redis release-layer bytes,20,1,redulink-binary-quic-stream,524288,139634,524288,551.668,186.294,364.93,79.754,7.60295,2.024899,160003,196,1,0,0,True,72,72,13,reno,Linux tc/netem qdisc on loopback in an isolated network namespace,20.0,80.0,0.5
redis,hash-pinned public Redis release-layer bytes,20,2,raw-quic-stream,524288,524288,524288,712.404,168.323,543.426,105.277,5.887536,5.887536,578970,649,2,0,0,True,0,0,13,reno,Linux tc/netem qdisc on loopback in an isolated network namespace,20.0,80.0,0.5
