metric,n,mean,median,stdev,min,max
raw_stream_multiplier,3,1.000000,1.000000,0.000000,1.000000,1.000000
raw_client_ms,3,227.043667,229.714000,19.900327,205.943000,245.474000
redulink_stream_multiplier,3,3.189928,3.189928,0.000000,3.189928,3.189928
redulink_udp_est_multiplier,3,2.578853,2.578939,0.003857,2.574954,2.582666
redulink_client_ms,3,137.076000,138.836000,4.472720,131.991000,140.401000
